CREATE DATABASE  IF NOT EXISTS `myfoodchoice` /*!40100 DEFAULT CHARACTER SET utf8mb4 COLLATE utf8mb4_0900_ai_ci */ /*!80016 DEFAULT ENCRYPTION='N' */;
USE `myfoodchoice`;
-- MySQL dump 10.13  Distrib 8.0.34, for Win64 (x86_64)
--
-- Host: localhost    Database: myfoodchoice
-- ------------------------------------------------------
-- Server version	8.1.0

/*!40101 SET @OLD_CHARACTER_SET_CLIENT=@@CHARACTER_SET_CLIENT */;
/*!40101 SET @OLD_CHARACTER_SET_RESULTS=@@CHARACTER_SET_RESULTS */;
/*!40101 SET @OLD_COLLATION_CONNECTION=@@COLLATION_CONNECTION */;
/*!50503 SET NAMES utf8 */;
/*!40103 SET @OLD_TIME_ZONE=@@TIME_ZONE */;
/*!40103 SET TIME_ZONE='+00:00' */;
/*!40014 SET @OLD_UNIQUE_CHECKS=@@UNIQUE_CHECKS, UNIQUE_CHECKS=0 */;
/*!40014 SET @OLD_FOREIGN_KEY_CHECKS=@@FOREIGN_KEY_CHECKS, FOREIGN_KEY_CHECKS=0 */;
/*!40101 SET @OLD_SQL_MODE=@@SQL_MODE, SQL_MODE='NO_AUTO_VALUE_ON_ZERO' */;
/*!40111 SET @OLD_SQL_NOTES=@@SQL_NOTES, SQL_NOTES=0 */;

--
-- Table structure for table `bmitracker`
--

DROP TABLE IF EXISTS `bmitracker`;
/*!40101 SET @saved_cs_client     = @@character_set_client */;
/*!50503 SET character_set_client = utf8mb4 */;
CREATE TABLE `bmitracker` (
  `bmiid` int NOT NULL AUTO_INCREMENT,
  `iduserprofile` int NOT NULL,
  `iduser` varchar(45) NOT NULL,
  `height` float NOT NULL,
  `weight` float NOT NULL,
  `bmi` float NOT NULL,
  `timestamp` datetime DEFAULT NULL,
  PRIMARY KEY (`bmiid`)
) ENGINE=InnoDB AUTO_INCREMENT=34 DEFAULT CHARSET=utf8mb4 COLLATE=utf8mb4_0900_ai_ci;
/*!40101 SET character_set_client = @saved_cs_client */;

--
-- Dumping data for table `bmitracker`
--

LOCK TABLES `bmitracker` WRITE;
/*!40000 ALTER TABLE `bmitracker` DISABLE KEYS */;
INSERT INTO `bmitracker` VALUES (8,1,'69',165,50,18.3655,'2023-11-09 19:51:34'),(9,1,'70',155,45,18.7305,'2023-11-09 19:54:31'),(10,1,'70',160,50,19.5312,'2023-11-09 19:58:05'),(11,1,'71',170,65,22.4914,'2023-11-10 00:17:20'),(12,1,'74',168,65,23.033,'2023-11-14 21:50:00'),(13,1,'74',170,65,22.491,'2023-11-20 21:50:00'),(14,1,'74',175,65,21.224,'2023-11-29 21:50:00'),(15,1,'72',150,40,17.7778,'2023-11-13 22:05:43'),(16,1,'72',155,45,18.73,'2023-11-13 22:07:55'),(17,1,'72',160,50,19.53,'2023-11-13 22:08:08'),(18,12,'72',165,55,20.2,'2023-11-13 22:10:25'),(19,13,'72',165,55,20.2,'2023-11-13 22:10:49'),(20,12,'72',170,60,20.76,'2023-11-13 22:11:02'),(21,12,'72',175,65,21.22,'2023-11-13 22:11:24'),(22,1,'72',170,60,20.76,'2023-11-13 22:54:53'),(23,13,'72',170,60,20.76,'2023-11-13 22:55:08'),(24,14,'72',175,62,20.24,'2023-11-13 22:56:24'),(25,14,'72',180,65,20.06,'2023-11-13 22:57:08'),(26,14,'72',186,66,19.08,'2023-11-13 22:58:17'),(27,1,'1',120,30,20.8333,'2023-11-13 23:27:25'),(28,1,'1',160,50,19.5312,'2023-11-16 21:55:35'),(29,16,'71',165,55,20.2,'2023-11-16 21:56:42'),(30,2,'71',150,50,22.22,'2023-11-16 23:04:25'),(31,3,'71',150,50,22.22,'2023-11-16 23:04:27'),(32,4,'71',150,50,22.22,'2023-11-16 23:04:30'),(33,5,'71',160,50,19.53,'2023-11-16 23:05:21');
/*!40000 ALTER TABLE `bmitracker` ENABLE KEYS */;
UNLOCK TABLES;

--
-- Table structure for table `foodnutrition`
--

DROP TABLE IF EXISTS `foodnutrition`;
/*!40101 SET @saved_cs_client     = @@character_set_client */;
/*!50503 SET character_set_client = utf8mb4 */;
CREATE TABLE `foodnutrition` (
  `id` int NOT NULL,
  `fname` varchar(100) DEFAULT NULL,
  `kcal` float DEFAULT NULL,
  `protein` float DEFAULT NULL,
  `fat` float DEFAULT NULL,
  `carbohydrate` float DEFAULT NULL,
  `saturatedfat` float DEFAULT NULL,
  `cholesterol` float DEFAULT NULL,
  `dietaryfibre` float DEFAULT NULL,
  `sodium` float DEFAULT NULL,
  `weight` float DEFAULT NULL,
  PRIMARY KEY (`id`)
) ENGINE=InnoDB DEFAULT CHARSET=utf8mb4 COLLATE=utf8mb4_0900_ai_ci;
/*!40101 SET character_set_client = @saved_cs_client */;

--
-- Dumping data for table `foodnutrition`
--

LOCK TABLES `foodnutrition` WRITE;
/*!40000 ALTER TABLE `foodnutrition` DISABLE KEYS */;
INSERT INTO `foodnutrition` VALUES (1,'Ba Chor Mee',520,26.04,21.61,54.76,6.601,92,3.5,644,300),(2,'Char Kway Teow',742,22.7,39,76,0,235,7,1463,200),(3,'Chicken Rice',800,50,25,80,0,45,0,400,250),(4,'Chilli Crab',565,45,34,20,15.6,587,0,2139,250),(5,'Laksa',313,16.6,12.8,33.8,4.6,40,6,340,300),(6,'Nasi Lemak',389,13,14,80,20,40,5,200,300),(7,'Nasi Padang',664,5,15,70,20,40,5,300,120),(8,'Roti Prata',209,5,7,32,2.9,1,1.7,386,70);
/*!40000 ALTER TABLE `foodnutrition` ENABLE KEYS */;
UNLOCK TABLES;

--
-- Table structure for table `healthtips`
--

DROP TABLE IF EXISTS `healthtips`;
/*!40101 SET @saved_cs_client     = @@character_set_client */;
/*!50503 SET character_set_client = utf8mb4 */;
CREATE TABLE `healthtips` (
  `id` int NOT NULL,
  `category` varchar(45) DEFAULT NULL,
  `title` varchar(200) DEFAULT NULL,
  `date` date DEFAULT NULL,
  `message` varchar(9000) DEFAULT NULL,
  `image` varchar(1000) DEFAULT NULL,
  `shortmsg` varchar(500) DEFAULT NULL,
  PRIMARY KEY (`id`)
) ENGINE=InnoDB DEFAULT CHARSET=utf8mb4 COLLATE=utf8mb4_0900_ai_ci;
/*!40101 SET character_set_client = @saved_cs_client */;

--
-- Dumping data for table `healthtips`
--

LOCK TABLES `healthtips` WRITE;
/*!40000 ALTER TABLE `healthtips` DISABLE KEYS */;
INSERT INTO `healthtips` VALUES (1,'Sports','5 Boxing Workouts That\'ll Get You in Fighting Shape','2023-01-08','Boxing (also known as \'western boxing\' or \'pugilism\') is a combat sport and a martial art in which two people, usually wearing protective gloves and other protective equipment such as hand wraps and mouthguards, throw punches at each other for a predetermined amount of time in a boxing ring. Although the term boxing is commonly attributed to Western boxing, in which only fists are involved, it has developed in different ways in different geographical areas and cultures of the World. In global terms, \'boxing\' today is also a set of combat sports focused on striking, in which two opponents face each other in a fight using at least their fists, and possibly involving other actions such as kicks, elbow strikes, knee strikes, and headbutts, depending on the rules. Some of these variants are the bare knuckle boxing, kickboxing, muay-thai, lethwei, savate, and sanda. Boxing techniques have been incorporated into many martial arts, military systems, and other combat sports.','https://www.mensjournal.com/.image/c_limit%2Ccs_srgb%2Cq_auto:good%2Cw_760/MTk2MTM2NzExODk5ODUwMjQ1/jab-punch-boxing-main.webp','This article is talking about Boxing.'),(2,'Sports','Can swimming help you lose belly fat?','2019-12-13','Remember, any activity that burns calories will help you shed fat all over—including around your middle. Certain swimming exercises also target your core specifically, like flutter kicks (lower abs) and butterfly kicks (obliques). In fact, a 2015 study in the Journal of Exercise Rehabilitation found that women who swam three times a week shed more fat around their waists and hips compared to those who walked three times a week. Another big benefit: Water-based workouts are low-impact, so they tend to be easier on your hips, knees, and feet. “Swimming can give you cardio and muscle building without the heavy wear and tear on your body that you might get from a ground-based activity like running,” Caprio says. How much do you have to swim to lose weight? It all depends on how intense your workout is. Swimming vigorously for an hour burns around 800 calories. Do that four times a week, and you could lose three or four pounds in a month. (You need to burn 3,500 calories to lose one pound.) Prefer a less intense approach? Swimming at a moderate pace for 30 minutes burns around 250 calories. Do that four times a week, and in a month, you’ll lose a little more than a pound. But every body is different, and research suggests that some people lose more or less weight than others—even when they do the same amount of exercise. However, making exercises, like swimming, a part of your regular routine can help you reach or maintain a healthy weight. If you’re trying to drop pounds, consider aiming to do moderate or vigorous exercises like swimming for around an hour a day.','https://hips.hearstapps.com/hmg-prod/images/shining-blue-water-ripple-background-royalty-free-image-1592490615.jpg?resize=1200:*','This article is talking about Swimming.'),(3,'Sports','6 Health benefits of running','2023-01-23','1. Running improves your heart condition. Running is a great exercise for the heart. Over time, it helps your heart pump more efficiently. Running keeps the arteries elastic so blood flows smoothly. Cardiovascular exercise also lowers your blood pressure and bad (LDL) cholesterol, but increases good (HDL) cholesterol, thus reducing your risk of heart disease. 2. Running boosts weight loss. Running is excellent to burn fat.As it involves large muscle groups, it is actually one of the best ways to burn calories. According to the Mayo Clinic, a 73-kg individual can burn some 600 calories per hour when running at 12 km/h. Want to lose weight, stay slim or have a firm butt? Start running. 3. Running strengthens bone structure Running is a weight-bearing exercise. The pounding on the ground puts stress on the skeletal system which in turn boosts bone mineral density (BMD). Higher BMD means stronger bones. This reduces the risk of osteoporosis, falls and fractures as you age. 4. Running stimulates the brain Research has shown that running and other aerobic exercises trigger brain cell growth in the hippocampus – the part of the brain responsible for learning and memory. Running also develops the areas of the brain which control movement, coordination and long-term memory. 5. Running enhances emotional and psychological well-being Running releases natural feel-good hormones called endorphins. Running, especially distance running, gives you the time and space to clear your mind or t​hink through a problem. As a natural stress buster, running can instantly lift up your mood and give you a sense of well-being. 6. Running retards ageing Running slows down age-related bone and muscle loss as it promotes the release of the human growth hormone. Maximal aerobic capacity (or VO2 max) typically declines 10 per cent per decade, starting from the mid-20s. Running is able to arrest this decline. Keen to reap the health benefits of running? Check with your doctor before starting any exercise regime, and practise caution when exercising. If you have been living a sedentary lifestyle, start with brisk walking. Remember, safety first!','https://www.healthxchange.sg/sites/hexassets/Assets/fitness-exercise/why-run-the-health-benefits-of-running.jpg','This article is talking about Running.'),(4,'Sports','HIIT (High Intensity Interval Training)','2021-11-01','“I don’t have time!” is one of the top reasons for not exercising, as many traditional workouts push a commitment of about an hour. High intensity interval training, or HIIT, challenges this barrier by incorporating an effective workout in half that time. In our time-pressured culture, HIIT has claimed a spot in the top 10 fitness trends since 2014 as surveyed by the American College of Sports Medicine. [1] In about 30 minutes, it is considered a complete workout that combines both aerobic and strength (resistance) training. In order to achieve similar benefits to a longer workout, the intensity is vigorous. HIIT is a type of interval training exercise. It incorporates several rounds that alternate between several minutes of high intensity movements to significantly increase the heart rate to at least 80% of one’s maximum heart rate, followed by short periods of lower intensity movements. Interval training was first introduced in the 1950s as a higher intensity form called sprint interval training, which reached 100% maximum heart rate and was used to improve the performance of elite Olympic athletes. Body weight can be used as the main form of resistance so that additional equipment is not needed. HIIT workouts also generally do not require a large amount of space, making the format ideal for a home workout. HIIT workouts can be integrated into various exercise formats, such as running (outdoors or on a treadmill), dancing, rowing machines, stationary bicycles, or stair climbers. [2] The interval durations can be timed by using one to five-minute music tracks. Other terms that are used interchangeably with HIIT are Tabata and circuit training. Tabata is a form of HIIT that was created by Professor Izumi Tabata in 1996 involving Olympic speedskaters. His exercise intervals were extremely high intensity, followed by very brief rest periods. Fitness centers and gyms that offer Tabata classes are typically 20-30 minutes and encourage participants to reach their highest intensity ability, but they can self-regulate their workouts. Circuit training involves 8-12 exercise stations that target different muscle groups. Participants rotate through each station, completing one exercise that lasts several minutes. The difference with circuit training is that the intensity is variable, whereas HIIT encourages maximum effort by reaching 80-90% maximum heart rate. HIIT can help to decrease body fat, increase strength and endurance, and improve health outcomes, but it is not necessarily better than other exercise formats. Its main appeal is that it can achieve similar fitness and health benefits in a shorter duration, and that it includes periods of rest.','https://www.hsph.harvard.edu/nutritionsource/wp-content/uploads/sites/30/2021/11/pexels-pavel-danilyuk-6339341-1024x684.jpg','This article is talking about HIIT.'),(5,'Sports','What is a \'Spinning Class\' Anyway?','2022-08-18','You may have heard of people doing Spinning Classes or Spin Classes and wondered what exactly it means. First of all, since “Spinning” refers specifically to the company, Spinning classes mean classes put on or licensed by Mad Dogg Athletics, the company that created the Spinning program. You can definitely get a great workout at home on a Spin bike of your own (check here for the best Spin Bikes for home), but it’s also great to workout in a class environment where there is a sense of team effort and group motivation. When you’re by yourself it’s hard to truly push yourself as you’re the only one there to keep you accountable. But if you’re in a class then you have the other participants, as well as the teacher, constantly watching over you which will give you more drive. For anyone looking in on a class it almost looks torturous: loud music blaring through the speakers, an assertive class leader shouting at people to go harder and a group of people sweating buckets from every part of their body. However, once you start you’ll never go back.  So let’s get specific about what you can expect from a Spinning Class. You’ll Burn Big Calories. An hour-long Spin class can burn anywhere from 600-1000 calories depending on the intensity of the instructor and the amount that you push yourself. It relies on a combination of fast-paced cycling and strategic lighter rest intervals to get you recovered for the next burst. Most spinning classes last around 40 minutes so you’ll be burning about 400-600 calories per class. You’ll Customize Your Spin Bike. Each Spinning class will have their own bikes which are fully customizable for you as an individual. You’ll be able to adjust the seat, handlebars and the tension/resistance accordingly. Make sure to do this at the start of each workout so that you’re not uncomfortable for the workout. The instructor should be able to help you if you’re unfamiliar with the equipment. Some bikes even have gel saddles to make them more comfortable and some people even bring their own. If they are not supplied and you don’t have one then padded shorts will help. You’ll Have a Unique Experience. The set up may be a bit different depending on the studio. In some classes the bikes are set up in rows with everyone facing the instructor/the mirror where as others will be set up in a semi circle which gives you a better view of everyone else in the room. There should be air-con in the room as well as on the bikes, too, to keep you at a good temperature. Each Spinning class will also have their own instructors with their own technique, goals and ability. If you test out one Spinning class and decide that it’s not for you then what you may need to do is simply try a different instructor. Certain instructors will target different demographics like young/old, male/female and fit/unfit. Every instructor will be certified but a Spin instructor really can make or break a class so it’s down to you to pick the class and instructor that suits you best. You’ll Get an Intense Indoor Cycle Workout. The average class will begin at a gentle pace for 5-10 minutes. The indoor bike pace will gradually pick up throughout this period but it will stay similar to cycling on flat terrain. After this period you will enter into different intervals of seated and standing work dependent on the intensity. If you’re ‘climbing’ then you’ll normally be standing but expect to be on and off the saddle through the whole session. The instructor may also ask for you to ‘hover’ which is basically where you are leaning forward over the handlebars with your hips above the saddle and towards the back of the Spin bike. It’s a similar position to someone trying to gain a lot of speed at a slight incline on a normal bike. You’ll Come Prepared. Make sure to pack a water bottle as you will get incredibly thirsty due to the amount of sweat you’re releasing. Also, wear tight fitting and light clothing so that you can move freely without overheating. You’ll Be Sore The days after your class you can expect to have very sore legs which can be helped by stretching, foam rolling or getting a massage. Don’t worry, this is normal. Your muscles have to be broken down in order to grow stronger. Over time the amount of muscle ache that you get from a Spinning class will decrease because your body will have adapted but for the first couple of weeks the aches will be quite intense. You’ll Get Healthier. Just as your body will adapt to the aches, you will also improve aerobically. Each class that you complete will be one step forwards. A few weeks will pass and you’ll look back to see how far you’ve come. You may have turned up the resistance on the bike or simply be pushing yourself harder each class but you will have definitely improved. You should also notice that your body composition has changed. Your legs should be bigger and stronger and your fat mass should have decreased. You’ll Love It. So “what is Spinning class” you ask?  It’s an amazing, challenging way to get incredibly fit.  All it takes is pushing through those first sessions as they are always the hardest.  Once you do, don’t be surprised if you find yourself addicted.','https://www.topfitnessmag.com/wp-content/uploads/2015/11/what-is-spinning-class.jpg','This article is talking about Spinning Class.'),(6,'Food','How many calories do we need daily?','2023-09-26','The amount of calories your body needs depends on your age, gender, level of physical activity, and body size. People who are active and exercise regularly would require more calories than someone who is mostly desk-bound. Recommended daily calorie intake for females: 1,800 kcal. Recommended daily calorie intake for males: 2,200 kcal','https://www.healthhub.sg/sites/assets/Assets/Programs/nutrition-portal/images/eat-less/excess-calories/why-do-we-need.jpg','This article is talking about Calories.'),(7,'Food','How can we consume less calories?','2023-09-26','One simple way to achieve this is to follow the My Healthy Plate (MHP) guidelines. Fill your plate with: ¼ Wholegrains. ¼ Good sources of protein. ½ Fruit and vegetables. Choose quality over quantity. Not all calories are equal. It’s important to consume the right number of calories from a variety of nutrient-dense foods such as wholegrains, lean protein, fruit and vegetables. Be sure to also choose foods prepared with healthier ingredients and methods, and limit your intake of high-sugar food and drinks as they increase your calorie intake with little to no nutrients (empty calories). 500 kcal is the magic number. Your favourite meals could hit a whopping 700-800 kcal each time! To keep within your daily caloric intake, try to swap one of your regular meals for a lower-calorie one that is around 500 kcal.','https://www.healthhub.sg/sites/assets/Assets/Programs/nutrition-portal/images/eat-less/excess-calories/what-are-calories-kv.jpg','This article is talking about Calories.'),(8,'Food','Why do we need to reduce excess calorie intake?','2023-09-26','On average, Singapore residents consume about 2,500 calories daily, which is above the recommended calorie intake. This stems from unhealthy meals and regular grazing between meals. Lowering your calorie intake lowers your health risks too. Have lower-calorie meals to keep your weight in check and lead a healthier lifestyle.','https://www.healthhub.sg/sites/assets/Assets/Programs/nutrition-portal/images/eat-less/excess-calories/why-need-to-reduce-1.jpg','This article is talking about Calories.'),(9,'Food','Calories and Weight Management','2023-09-26','The key to weight management is a healthy diet and an active lifestyle. Here are some simple tips to help you maintain a healthy weight. Have regular meals. Eat balanced, healthier meals. Budget those calories. Eat less, saturated fats. Eat less: sugar. Eat more: Wholegrains, Fruits and Vegetables.','https://www.healthhub.sg/sites/assets/Assets/Programs/nutrition-portal/images/eat-less/excess-calories/calories-management-2.png','This article is talking about Calories.'),(10,'Food','Drinking in moderation','2023-09-26','Having drinks with your friends? Healthy adult men should drink no more than 2 standard drinks a day, and women should drink no more than 1 standard drink a day. A standard drink is 1 can (330ml) of regular beer with 5% alcohol content, ½ glass (100ml) of wine with 15% alcohol content, where the glass height is not more than 15cm, or 1 shot (30ml) of spirits with 40% alcohol content. Better yet, drink something other than alcohol, which is a concentrated source of calories. ','https://www.healthhub.sg/sites/assets/Assets/Programs/nutrition-portal/images/eat-less/cut-down-3.png','This article is talking about effects of alcohol consumption.'),(11,'Lifestyle','Prediabetes: Symptoms to watch out for','2023-09-26','Feeling tired, thirsty or urinating more than usual? These are signs that your blood sugar levels may be higher than normal. But few people with borderline diabetes will have these warning signals. There are, however, other indications. People who are overweight, middle-aged, lead a sedentary lifestyle, have high blood pressure, LDL cholesterol or triglyceride levels, and a family history of diabetes, are more likely to develop the condition. Prediabetes is diagnosed if the blood sugar level registers between 7.8 mmol/L and 11.0 mmol/L by the gold standard oral glucose tolerance test. The test involves taking a blood sample after overnight fasting, and a second sample two hours after consuming a sweet glucose drink. Diabetes is diagnosed if the reading is more than 11.1 mmol/L. Normal blood glucose level is under 7.8 mmol/L. People diagnosed with prediabetes should get their blood glucose level measured every six to 12 months. Those who have normal blood sugar levels but who have a family history of type 2 diabetes should undergo diabetes screening after the age of 40.','https://www.healthxchange.sg/sites/hexassets/Assets/diabetes/prediabetes-symptoms-causes.jpg','This article is talking about Prediabetes.'),(12,'Lifestyle','Diet to lower LDL (bad cholesterol)','2023-09-26','Reducing saturated fat intake will result in reduction of bad cholesterol. Saturated fat is found in dairy fats and other animal fats (from the fats of chicken, pork, beef, butter, etc.), and some tropical oils like coconut and palm oil. Substitute with better fat such as olive oil, canola oil, sunflower oil. This substitution will help in lowering LDL. Replacing snacks high in saturated fats (chocolate, potato chips) with nuts like walnuts and almonds also lowers LDL. Substituting avocadoes for other unhealthy fats in the diet also lowers cholesterol, at an intake of 1 avocado a day. (Avocadoes are still high in fat so be careful not over indulge.) Increasing plant protein intake. For example, taking soy or beans in replacement of animal protein like milk or meat will lower LDL. Plant protein, in substitution of animal protein has been found in a randomised controlled trial to lower LDL cholesterol independent of the amount of saturated fat the diet contains5. In the study, the diet contained about 30g of soy protein a day, equivalent to about 375g of tofu or 2 small cups of edamame beans daily. Increase intake of viscous fibre2, to decrease absorption of cholesterol in the intestines. Viscous fibre is found in fruits like apples and oranges, vegetables like eggplant and okra, and grains like oats and barley. Beans also have viscous fibre.','https://www.healthxchange.sg/sites/hexassets/Assets/high-cholesterol/how-to-lower-bad-cholesterol-ldl.jpg','This article is talking about Bad cholesterol.'),(13,'Lifestyle','Low blood pressure (hypotension): How does it occur?','2023-09-26','Low blood pressure (hypotension) is a state where not enough blood (carrying oxygen) flows to vital organs such as the brain. It is mainly for this reason that one may experience dizziness. It is known as “shock” when the drop in blood pressure is severe and persistent. If it is not treated immediately, shock can cause permanent damage to the vital organs, and may result in death. Normal blood pressure is below 130/80 mmHg. The first reading measures systolic pressure or the amount of blood pressure when the heart is beating (squeezing the blood). The second reading measures diastolic pressure or the amount of blood pressure when the heart is at rest. Some doctors consider blood pressure to be low when it is below 90/60 mmHg. However, there is no specific number at which day-to-day blood pressure is considered too low as long as it does not cause noticeable signs and symptoms. People who are physically fit sometimes have lower blood pressure. And some people have naturally low blood pressure, with no ill effects.','https://www.healthxchange.sg/sites/hexassets/Assets/high-blood-pressure/low-blood-pressure-symptoms-causes-b.jpg','This article is talking about Low blood pressure.'),(14,'Lifestyle','Blood pressure (BP) readings','2023-09-26','Blood pressure (BP) readings are expressed as a ratio of the systolic pressure (the first number or numerator), over the diastolic pressure (the second number or denominator). A blood pressure of 120/80 mmHg (millimetres of mercury) is expressed verbally as 120 over 80. A healthy blood pressure reading should be lower than 120/80 mmHg. Normal blood pressure is less than 120 mmHg systolic and 80 mmHg diastolic (see blood pressure chart below), and may vary from 90/60mmHg to 120/80mmHg in a healthy young woman. A blood pressure of 140/90 mmHg or higher indicates high blood pressure (hypertension).','https://www.heart.org/-/media/Images/Health-Topics/High-Blood-Pressure/Rainbow-Chart/blood-pressure-readings-chart.jpg','This article is talking about Blood pressure.'),(15,'Lifestyle','10 Proven Ways to Boost Mental Health','2023-09-26','Get at least eight hours of sleep a day. You are more alert and less prone to stress after a good night’s rest. Getting enough sleep can also improve your memory. Adopt a healthy diet. Foods rich in omega-3 fatty acids, such as salmon, tuna and mackerel, cut the risk of dementia and mental decline. Good nutrition is a natural defence against stress. Begin your day with a nutritious breakfast, preferably of wholegrain cereals and fruits, and take balanced meals throughout the day. Keep yourself active. At least 150 minutes of exercise a week (or 30 minutes daily) is ideal. Exercising not only keeps you physically strong, it also reduces or prevents stress. Go for a walk or unwind with yoga. It is better to do moderate exercise regularly than to have a heavy workout occasionally. Interact with others. Talk to another person for at least 10 minutes daily. Talking to people stimulates the brain. A study in the US found that talking to another person for just 10 minutes a day improves memory scores. Also, the more you interact with others, the faster your brain will work. Pick up a new skill or hobby. Learning to play a musical instrument, acquiring computer skills, starting a new hobby or learning to cook a new dish can help keep your brain active and healthy. Get a mental workout. Scrabble or mahjong anyone? Engaging in mind-boggling games involves a combination of memory, decision-making and strategising, which keeps the brain active and prevents dementia. In addition, playing in a group will boost interaction. Help others to help yourself. This is the best remedy when you’re feeling down. Helping a friend or family member, or doing community work helps you to take the focus away from yourself. In turn, you will feel more positive and less helpless. Learn to manage stress. Shift your mindset and make a list. Make a list of goals and check them off when they are completed. This will help you tackle things one at a time. Seeing problems as opportunities or focusing on the positive can also help to reduce stress. Stress cannot be avoided, but you can learn to manage stress. Avoid alcohol, cigarettes and drugs. They are not the solutions to problems. If you have emotional problems, seek support from family and friends, or get professional help. Alcohol, cigarettes and drugs provide only temporary relief from stress and unhappiness. Laughter is the best medicine. Laugh yourself silly and have fun whenever you can. Laughing can help to keep the doctor away because humo​ur activates the brain’s reward and pleasure centres, generating emotions and relaxing the mind.','https://www.healthxchange.sg/sites/hexassets/Assets/wellness/ten-ways-achieve-mental-wellness-b.jpg','This article is talking about Mental Health.'),(16,'Weight Loss','Can swimming help you lose belly fat?','2019-12-13','Remember, any activity that burns calories will help you shed fat all over—including around your middle. Certain swimming exercises also target your core specifically, like flutter kicks (lower abs) and butterfly kicks (obliques). In fact, a 2015 study in the Journal of Exercise Rehabilitation found that women who swam three times a week shed more fat around their waists and hips compared to those who walked three times a week. Another big benefit: Water-based workouts are low-impact, so they tend to be easier on your hips, knees, and feet. “Swimming can give you cardio and muscle building without the heavy wear and tear on your body that you might get from a ground-based activity like running,” Caprio says. How much do you have to swim to lose weight? It all depends on how intense your workout is. Swimming vigorously for an hour burns around 800 calories. Do that four times a week, and you could lose three or four pounds in a month. (You need to burn 3,500 calories to lose one pound.) Prefer a less intense approach? Swimming at a moderate pace for 30 minutes burns around 250 calories. Do that four times a week, and in a month, you’ll lose a little more than a pound. But every body is different, and research suggests that some people lose more or less weight than others—even when they do the same amount of exercise. However, making exercises, like swimming, a part of your regular routine can help you reach or maintain a healthy weight. If you’re trying to drop pounds, consider aiming to do moderate or vigorous exercises like swimming for around an hour a day.','https://hips.hearstapps.com/hmg-prod/images/shining-blue-water-ripple-background-royalty-free-image-1592490615.jpg?resize=1200:*','This article is talking about Losing weiht through swimming.'),(17,'Weight Loss','How Intermittent Fasting Works','2023-01-08','You do an intermittent fast by pausing your food intake for several hours. The fast cuts off your supply of near-instant blood glucose, forcing the body to get its fuel from storage. In this case, storage means fat deposits that your body turns to when calorie supplies run low. The consistent burning of fat deposits has health benefits like weight loss and lowering your risk of a wide range of diseases. Cutting your calorie intake regularly trains the body to burn fat when it runs out of ready blood glucose. Over time, the body’s metabolism turns to fat burning within a few hours of a fast. Intermittent fasting also provides benefits like improved insulin response and better blood sugar control. This means that the eating pattern helps to prevent conditions like diabetes. It can also reverse insulin resistance in pre-diabetics, and it’s an effective way to lose weight. Lastly, regular fasting will gradually decrease the amount of food your stomach needs to ‘feel’ full. You get a permanent life hack for portion control. Weight loss from intermittent fasting comes down to the foods you eat. This eating pattern does not impose a strict diet, but it pays to choose low-calorie, nutrient-rich foods. The good news is that you don’t have to starve yourself or make complex changes to stick to start IF.','https://cdn5.vectorstock.com/i/1000x1000/75/74/logo-of-intermittent-fasting-clock-face-vector-23297574.jpg','This article is talking about Intermitten Fasting.'),(18,'Weight Loss','Cutting back on sugar and refined carbohydrates','2019-12-13','The Western diet is increasingly high in added sugars, which has definite links to obesityTrusted Source, even when the sugar occurs in beveragesTrusted Source rather than food. Refined carbohydrates are heavily processed foods that no longer contain fiber and other nutrients. These include white rice, bread, and pasta. These foods are quick to digest, and they convert to glucose rapidly. Excess glucose enters the blood and provokes the hormone insulin, which promotes fat storage in the adipose tissue. This contributes to weight gain. Where possible, people should swap processed and sugary foods for more healthful options. Good food swaps include: whole-grain rice, bread, and pasta instead of the white versions fruit, nuts, and seeds instead of high sugar snacks herb teas and fruit-infused water instead of high sugar sodas smoothies with water or milk instead of fruit juice','https://weightlosssurgeryinstitute.com/wp-content/uploads/2020/05/Weight-Loss-Infographic-6-Easy-Ways-to-Cut-Back-on-Sugar-scaled.jpg','This article is talking about Cutting down on sugar consumption.'),(19,'Weight Loss','Eating plenty of fiber','2023-01-08','Dietary fiber describes plant-based carbohydrates that are impossible to digest in the small intestine, unlike sugar and starch. Including plenty of fiber in the diet can increase the feeling of fullness, potentially leading to weight loss. Fiber-rich foods include: whole-grain breakfast cereals, whole-wheat pasta, whole-grain bread, oats, barley, and rye fruit and vegetables peas, beans, and pulses nuts and seeds','https://figureweightloss.com/wp-content/uploads/2019/02/high-fiber-low-carb.jpg','This article is talking about eating food with fiber.'),(20,'Weight Loss','Getting a good night’s sleep','2019-12-13','Numerous studies have shown that getting fewer than 5–6 hours of sleep per night is associated with an increased incidence of obesityTrusted Source. There are several reasons behind this. Research suggestsTrusted Source that insufficient or poor-quality sleep slows down the process in which the body converts calories to energy, called metabolism. When metabolism is less effective, the body may store unused energy as fat. In addition, poor sleep can increase the production of insulin and cortisolTrusted Source, which also prompt fat storage. How long someone sleeps also affects the regulation of the appetite-controlling hormones leptin and ghrelin. Leptin sends signals of fullness to the brain.','https://www.nia.nih.gov/sites/default/files/2022-03/NIA_Sleep_infographic_12.22.17_thumb_0.jpg','This article is talking about appriopriate amount of sleep.');
/*!40000 ALTER TABLE `healthtips` ENABLE KEYS */;
UNLOCK TABLES;

--
-- Table structure for table `loginstreak`
--

DROP TABLE IF EXISTS `loginstreak`;
/*!40101 SET @saved_cs_client     = @@character_set_client */;
/*!50503 SET character_set_client = utf8mb4 */;
CREATE TABLE `loginstreak` (
  `lsid` int NOT NULL AUTO_INCREMENT,
  `id` int DEFAULT NULL,
  `date` date DEFAULT NULL,
  PRIMARY KEY (`lsid`)
) ENGINE=InnoDB AUTO_INCREMENT=41 DEFAULT CHARSET=utf8mb4 COLLATE=utf8mb4_0900_ai_ci;
/*!40101 SET character_set_client = @saved_cs_client */;

--
-- Dumping data for table `loginstreak`
--

LOCK TABLES `loginstreak` WRITE;
/*!40000 ALTER TABLE `loginstreak` DISABLE KEYS */;
INSERT INTO `loginstreak` VALUES (19,69,'2023-11-09'),(20,70,'2023-11-09'),(22,69,'2023-11-09'),(23,69,'2023-11-09'),(24,69,'2023-11-09'),(25,69,'2023-11-09'),(28,69,'2023-11-09'),(29,69,'2023-11-09'),(30,69,'2023-11-09'),(31,69,'2023-11-09'),(32,69,'2023-11-09'),(33,69,'2023-11-09'),(34,69,'2023-11-10'),(35,71,'2023-11-10'),(36,71,'2023-11-13'),(37,69,'2023-11-13'),(38,72,'2023-11-13'),(39,72,'2023-11-16'),(40,71,'2023-11-16');
/*!40000 ALTER TABLE `loginstreak` ENABLE KEYS */;
UNLOCK TABLES;

--
-- Table structure for table `loyaltyitem`
--

DROP TABLE IF EXISTS `loyaltyitem`;
/*!40101 SET @saved_cs_client     = @@character_set_client */;
/*!50503 SET character_set_client = utf8mb4 */;
CREATE TABLE `loyaltyitem` (
  `id` int NOT NULL,
  `points` int NOT NULL,
  `desc` varchar(1000) NOT NULL,
  `l_name` varchar(45) NOT NULL,
  `l_image` varchar(10000) NOT NULL,
  PRIMARY KEY (`id`)
) ENGINE=InnoDB DEFAULT CHARSET=utf8mb4 COLLATE=utf8mb4_0900_ai_ci;
/*!40101 SET character_set_client = @saved_cs_client */;

--
-- Dumping data for table `loyaltyitem`
--

LOCK TABLES `loyaltyitem` WRITE;
/*!40000 ALTER TABLE `loyaltyitem` DISABLE KEYS */;
INSERT INTO `loyaltyitem` VALUES (1,10000,'Vouchers from NTUCC Supermarket','$10 NTUCC Voucher(*Limited*)','https://lzd-img-global.slatic.net/g/ff/kf/Sb536cd8786c24786b98819a69c4119b2W.jpg_720x720q80.jpg'),(2,20000,'Vouchers from NTUCC Supermarket','$20 NTUCC Voucher(*Limited*)','https://df3k2q0k3bu2n.cloudfront.net/static/images/VOUCNTUC20.jpg'),(3,100000,'Watch by FITBIT','FitBit Watch','https://encrypted-tbn0.gstatic.com/images?q=tbn:ANd9GcQoTcJ-3RJaFL-zxM4PXBVBJEFlT8bSJ14L-g&usqp=CAU'),(4,5000,'Blue Water Bottle from nageve','Blue Water Bottle','data:image/jpeg;base64,/9j/4AAQSkZJRgABAQAAAQABAAD/2wCEAAoHCBEUExcUEQ8UFBAXERcXGRARFBcRERcRGBUZGBcUFxcaICwjGhwoIBcaJDUkKC0vMjIyGSI6PTgwPCwxMi8BCwsLDw4PHBERHTEoIygyMTExMTExMTExMTExMzExLzExMTEvMTExMTExMTExMTExMTExMTExMTExMTExMTExMf/AABEIAOEA4QMBIgACEQEDEQH/xAAcAAEAAgMBAQEAAAAAAAAAAAAAAwQCBQYBBwj/xABMEAACAQIDAwgFBgkJCQAAAAAAAQIDEQQSIQUxUQYTMkFhcXKxIjOBwdEUIzRikaEkQlKCkqLD0vAVQ1R0g7KzwtMHFjVEY2Rzk+H/xAAbAQEAAgMBAQAAAAAAAAAAAAAAAgMBBAUGB//EADoRAAIBAgEHCQUHBQAAAAAAAAABAgMRBAUSITEyUXEzQWGBkaGxwfATIjTS4RQVJHKCktFCssLi8f/aAAwDAQACEQMRAD8A+zAAAAAAAAAAAAAAAAAAAAAAAAAAAAAAAAAAAAAAAAAAAAAAAAAAAAAAAAAAAAAAAAAAAAAAAAAAAAAAAAAAAAAAAAAAAAAAAAAAAAAAAAAgxOIhThKc3lhCLlKT6opXbNBLl1sxf80v0ZfA2HKn6Fif6tV/uM/OVe1+reZOngcHSrQlKd9D5ml5M+54nl7s9xapYlKo16LlGVrt213HG1OVeIz5o7Qp5Mu5TcOLvllne4+aNrs/iaPJNZerd/kkZhVlDUbX3fhdF031/Q+hy5UY3N/xKNtdFPv68nYzd7M5XZV87tKV3a96EKlmt+WTn29aPj9WXS/O/bGTevVv/aIslXlLQ7di/gz9gwi1Rfb9D7fHlLgJes2viZX6o5KUfZzMFL7zabKWy8W5RpTdeSV2qtSvUla9r2qs/PsX3bvez6X/ALGPpFb+r/tIkFUfM7eugor4ShGlKUM663tfKj6U+TeB6sLCL4wvTl9sWmRS2NVp64TF1YNfzVeUsVQfY1N54/myVuDN6B7SW/t0+Jybs02y9rupOVCvT5nFwjmdK94The3OUpaZoX9qejNyc7yvp5aKxUdKuFmqykt7pJpVqb7JU82nFR4HQRd1dbjEktpevoGZAAiYAAAAAAAAAAAAAAAAAAAAAAAAKuOhCVOcakXKnKDUoqLm3FqzWVJt/YfJdu4TZCnLm1i5PS6pUJZFK9mknS4cDv8AlTtpUaTdKo3U1WSnB1W3Z2vld4rTej5XOUaibrYhJvVwq0K2Ra/XkrmzQpqWmTNPF4urRhm06koX1uKk/wC3n4ki2Xs5/wBKXipRXnRPamxcBxrW4ZKTf+ERRwuFW7F4dPq+aSf+IWZUabTXy2k01qnCTVuD+dszadGm93rrOYso4ha8bV/bL5WVnsnZ35WJ/wDXT/0e1/aFsfZv/cP+zh/omPyHD/0rDP8AsrftjF4XDLT5VRS4KTh/nM+xp81u8x94V3qx1T9s/lM57M2dHXLiWrq/za3X1/muB9G5D7P2bSzywE6s24KMp1aUqasmtE3Tgm7nzBUMKr5MVS109GrOX3anU8k+UcqKdGM0oNuXOzpVZwzvTVRgmlpvNetRjb3WvXE3sHjK8m4zrSqJ74zX+KVus+tA5vBbYx04KfyKhXg91XB4uM4y46VYQt9rJ3i9oT0p4KnS/wCpia6nl7VTpJ5u7NHvNXNfR2o6S0mPK2Weh8mjrVxUlRilvVOWtap2KNPM78cq60b1K2i3Gq2ZsjmputVquvipRyutKKiowvfm6UFpCF7O123ZXbsjbmHa1kAADAAAAAAAAAAAAAAAAAAAAAABT2i/Qte13Z24dZcKW0OivEvJko60VVnanJrccfjJXm4RjGMU+pJN2drtlCew6ctX7n5ovVPWz8fxJ4s6epKx4NNzqSlKT1vnKGD2NhKaefCU6re5zhBNdmkVck2hs/CVIZFg6cPrwUXK3DWJYrbii8NJ6Z46Pri+z63YQzU3dmx9pqwh7OMtHV42v3mqfJfCR3xS740/3Dxcn8JfdF9yp3/uG5VRvI3vd/IinXi9OPZ2f/fvLEa06k0tp9pE+T2GX4q/RivKJLT2PRWkYpexFt4eFrZdF37/AOES0IpaLdb3kbsscbuz8WTck8OqFadODeSrebT3KaW9L2HaHJbGf4VDwS8jrTRr7Z6vJMpSw/vO9m1p6n5gAFJ0wAAAAAAAAAAAAAAAAAAAAAAAAUtpdFeL3MulHafRXiXkyUdpFVfk5cDj6nrJ+L4kyIpesn4/iV9obSjScIqnVqVKl1GnRipO10nJttKOrSv2nRnJJXZ4rD0J1qjhTV23LRwbLNWWhXzSbvGcbeFv77ml/wB56Ep81KliISyybUoQ0gqbm5WvqsquuOnExp7epR9FUsSna+XmoXS3Xtn3GYPPXum1VyTjYO06duuPzG1jTuqabe56xbjrZcA6EY6q/tbZrf5dpRjTbpYhqVNyjaFNuUFJwc7KpdLNFrXgRR5SU5WtSrtO7WWjF3S3tfOcSaT3dxrzyXi2tEO+P8nUHtJa+z4GiXKWjlzc1Wy7s2SKV1vV82839Ja+xPh1ldmtZZVwtWlZ1Fa/Sn4NlnZH0qPhl5HXHJbIX4TDwvyZ1ppV9vqPQZI+Hf5n4IAApOoAAAAAAAAAAAAAAAAAAAAAAAACjtPorxLyZeKO0+ivF7mSjtIpr8lLgclL1s+/3M5bbtGvLFSTwuIlh/kypRrUaUp2UmpOcXa10200ndpNdZ1MvWz7/czNo3qkM9JX9WPL5Oxv2OrKpmZ20tdre9e60PdY4ajSqRq8+8FXcY8zDLOlKFWpGko1JyqWjreUYxv1xbWruzaYLbtaCpupg8VOtBetcqnptzlUkmnHSLlLq3KKR0DSv6W7rs7PcYxpU76Sn+m0r6b7PvMxjGMc1q/b/J0amW/aSznBLm2936fWk1D2pKMFV5mtGpGLUKFKVT5zNCNNc+lBWyrPJelbNO6V2yDE8oK0pRcMJiopVoScVeKVKM1OVKDjBNKThTT6ssLJK7NxQt6HpSXo+lvf4qta5jVowXRk9+ur/JS0+/2WJRjG+r12lM8sqMW8xfv/ANSlTxE8TKnGthcRThFxnL0o06N4RerzUbyu3L0c1/Tfeb2k9X3e9EdiSl193vRjRzGni8ZLEzi2rW6b69fMtyLmx/pK8L8mdWcpsZfhK8L8mdWadfbO5kn4d/mfkAAUnTAAAAAAAAAAAAAAAAAAAAAAAABQ2p0V4l5MvlDa3QXiXkyUNpFOI5KXA46cvnZ+L4k1ypiH85Lxv3lmDOm1oR4SE/fkul+JhV3XIqUIz1aa14teTLM0QShRTs400+DUUyJNrSVaElG2aVllSvJ2XRXWFilJpWWvCSfUSYZ9HRdHq7kTVETRTNe6WUZ0977vejAzp9fcVm0tZc2N9Ij4X5M6o5XY30iPhl5HVGnX2z0+Sfh/1PyAAKTpgAAAAAAAAAAAAAAAAAAAAAAAA1+1ugvEvJmwKG1egvEvJkobSKcRyUuBxGK9ZLx/EsUyHEr5yXjfvLEEdV6kfP48rPixN6EFLEwavKUE+GZcCeR46qTs83sjJr7UiJeUqN7rK10e9Wt2Hnydxabd0Z4d6x8PC3UjN11Kys/ajKKZ2zWXTKn19wFPr7iBtc5c2J9IXhfkzqjldi/SF4X5M6o0q+2eoyT8P1vyAAKTpgAAAAAAAAAAAAAAAAAAAAAAAAo7U6C8XxLxR2l0V4kShtIpxHJS4HFYj1svE/eTxIsQr1ZeL4k0YnV5kfP1fPlxfieVN2m8ipzklrGTf5vxJ5GMptPSEn2pxt97IlvPco0o3yqUU1k0TSfUiaVOKs1FJ8UkjyLdqdot/NvTThHiRRhNNZs1u1q3mSRRO6TNmhS6+49S0FNavuKzb50Xti+vXh9zOoOY2Ovn13e5nTmlX2z1eSV+G62AAUnSAAAAAAAAAAAAAAAAAAAAAAAABT2h0V4kXCntDorvRKOsqr8nLgcdU9bPx/EmSI60Xz032v3k8UdO+hcEeFUfelxfiyKpHyIoRqJJZYaK2s5fuluSI5xl+Llt23uYuSzCpS3U/wDxPygeqrGTST17meU4ZlT1a+ae52/IJFh4ppr77fAlcplFv1wLKR7T3+wky3PIRs/YQubObpRc2P65d3ukdKczsbWs+zT9WTOmNGttnqclP8MuL8QACo6IAAAAAAAAAAAAAAAAAAAAAAAAKuP6K7y0UdqTtBeL3MlHaRVX5OXA5qrTeeTs9ZN7uq7M6dNvuDrWldStq+sSxD4m/psePapptvyPKlO90uu61K6hNK2eKSVug/3iV1Ou5hUxEWnqr24mVcqm4a7kOXK4KzaUHG6V/wAm17dxjSnUbtKP6sl97RYwzvok3LgtX9xJWq5Onp3395K9nYiopxzr6CRbitXxFtIp3PHjY8UexxUG9606zCVtaMznGStGVjYcnKTjPXe23+qzqDndi1YuaSfW/JnRGjWbc3c9XkuChhYxWpXAAKjoAAAAAAAAAAAAAAAAAAAwnNJXk0lxbsiltLFunFKEVKrOahCL3OTu7vsSTk+xGspwwKzyxFelWrQ0qVK0k8sr2yqD0gr6JJfaEm3ZIqlUs7Lvdl/303qvvMPiIVI5oTjKN2rx1V1o13k5po/J+bdPD14UruLUqTjJqUmpQdtVLNpp1pljZmKlOLjUSVanLLOMei3ZOMo/Vaaa+zqHEzGepPX3dKXObA121JxlBxuk96b3XX8NGxZp8fs+U9zJR1kazea0lc5DHVJKbi7acCrKbte7N3i9gOe9a8Vo/tKE+TtRdGpNd/pHQjXjY8dXyTWz219TVLEzv6VNqN0nJy49nWe1cVFO2Zbuxl97Err8dPviYfyLW+p9j+Bn2sd5S8n1V/R2FOGMSau1b7zZfLIWsqqs1vsk12XRB/I1f8mH3mUdi1vqruu/cPax3mHgKr1RaE5p/jX7yNyXEtLYVV75/Yi3Q2DJb7vvMuvFCOSsRJ2sXuTKUXnm7O1kuvXfI6uE01oc1htkzT1Z0OGpZVY0KrUnc9fgKcqVJU7aETgAqN8AAAAAAAAAAAAAAAAAA1+Jp0+epTlUSlFVIwg2lmclG7V+tJfrM53E4GMa05c9OE+eU4WVFU+cvKd3Fz9OTz21UX6S7zodqbPVZRaeWrB3p1N+WV093WnlSa4XKy2lTjpiqTpVFvlKLnSfbGola2i0dn2E4VHBs1ppXedo50+q2l792ndbTc1ODwdHNSjSlNTgopSXN5tE80pWleTaur7kotJNOSe8w/0utbdzNFS8d6jXtytfaj3C4/DznlpLM9XnjTlkWnXO1r+0y2Xs/mYyvVlUlObk5zWu5JK+92SS1Zic89ozCOlZtrX1roVvPuNieHoImwY5VwMeajwJABYi5mPA85iPAmAMZqIfk8eA5iPAmAuM1ESox4GSguBmALI8PQAZAAAAAAAAAAAAAAAAAAAAAAABKOsAACWsAAEQAAAAAAAAAAAAAAAAAAAAAAAAAAAAAD//2Q=='),(5,5000,'Pink Water Bottle from nageve','Pink Water Bottle','data:image/jpeg;base64,/9j/4AAQSkZJRgABAQAAAQABAAD/2wCEAAkGBxMSEhUPExIQEBATExUSEBAQEBIQEg4QGBEWFhUSFRUYHSggGBolHRUWITEhJTUrLy4uGCAzODMsNyotLi0BCgoKDg0OGhAQGi0lHyUtLS0tLS0tLSsrLS0tLS0tLS0tLS0vKy0tLS0tLS0tLS8tLy0tKy0vLS0rLS0tLS0tLf/AABEIAOEA4QMBEQACEQEDEQH/xAAbAAEAAQUBAAAAAAAAAAAAAAAABQECAwQHBv/EAEUQAAIBAgIHBAYIAwQLAAAAAAABAgMRBCEFBhIxQVFxEyIyYRQjgZHB8DNCUmKhsbLRcoLCJENzkgcVFjSDorPD0vHy/8QAGgEBAAMBAQEAAAAAAAAAAAAAAAECAwQGBf/EADwRAQABAgMDCQQIBQUAAAAAAAABAhEDBDESIZEFExQyQVFhcaFCU4HBBhUiM1Kx0fA0ktLh4hYjQ2Ki/9oADAMBAAIRAxEAPwDuIAAAAAAAAAAAAAAAAAAAAAAAAAAAAAAAAAAAAAAAAAAAAAAAAAAAAAAAAAAAAAAAAAAAAAAAAAAAAAAAAAAAAAAAAAAAAAAAAAAAAAAAAAAAAAAAAAAAAAAAAABH6Q05hqH02Iw9Hyq1oQfubN8LLY2L93RM+UTKs10xrLRhrpo9uyxuG9tWMV73kbTydm4i/N1cFOew+9NUK0ZxU4SjOL3SjJST6NHHVTNM2qi0tImJ3wyEJAAAAAAAAAAAAAAAAAAAAAamK0nRpu06kIvk3n7iYpmdHNi5zAwptXVES05azYVf30eG5Pi7LgW5upzzyrlY9r0n9HjdYdaMbKcvRauEpUl4HOTnKUUm9pp08m9l5eR1YeDg2+3NV/CI/VWOXMCnSmJ8Z2vyiyEjpzTKld47A2W+LSzttX3UfuS9xpzWV/7/APlP19gW6lPCv+pMaM1n0jFrtauAq55racE82rbSjdZrkZzhZfsmrhBPLOXqjSI/m+d0pDTeKrWvjNG4RO2VOlVxM81fxTlCO7yZa2Wo9iqrzmIj0ifzRHKWDV7cR8JbmG0LRr/TY/E41/Y9JVCm/Ls8PsXXW4nOVUfd4dNPwvPGq/o3w8bAxZtGJee6/wAk3o/QOFofQ4ahSfFwpQjJ+bla79pz4uaxsXr1zPnMuqKKY0hvTpRkrOMWuTSaMYmY0Ws8/j9W+zbxGB2cNiVm6ce7hsV9yrTWWf21Zr8Dtozk1RsZj7VPf7UeMT8tJZThW30bp9EtobSUcTRhXinHaupQl4qVSMnGdOXnGSa9hzY2FOFXNE8e+OyfjC9NW1F26ZLAAAAAAAAAAAAAAAAAAAAc01x/3if8S/Qjpw+q8fyj/FV+fyebb3dI/rRo5GGbyfR/oqkqzG8qPxfzf98lEfv0XxXevf639ciExovpPd1j/wBIiVoS+rT9dS/xYfrRWvqt8n/EUecfm6wcj2gAAgNUXf0qa+jnjq7pW3WjsU5tf8SFV+0683u2InWKYv8AnHpMM8Pt80+cjQAAAAAAAAAAAAAAAAAAFs5pJttJLNtuyS5ti1xznXTSmEW3VhisNOov7rsXXc5bspxlZW8+R1UZfMW3UVcJcFWSymLibeJOuu+HPcRrNK2SoJ/4Ktb/ADG8ZTMz7E8G9PJXJU64k8f7NFay1uPo9uXZJPj97zfvLxk8x+CeC0ck8k334s28/wDFqV9aMTfurDfzQee/k/N+9irJ5nsongzxOSOTPYxOMz/SzQ1mxVr2wT6wd9/LauUnKZr8E8JV+qOT/eev+KRwms1TZu4YWU+EVSst1uMx0bH7aKuErfVHJlvvfWPnD32plfD1JQqTxGGpzumqDpyoyUk8rSlOz9hhXRjW30TwlhHJuVw8WKqKr28Y+TpcqiSu2kubaSOa0voo3Hay4Oj9Li8NT8pV6al7I3uzfDyuPidSiZ+EqzXTHajamla2NXZYONWjRllUx9WnKlaHH0anNKU58ptKK397cbRg0YH2saYmeymJv/NMbojwjfPgptTV1eKf0fgoUKUKFOOxTpxUIR5RS58X5nJiYlWJVNdU75aU0xTFobBRIAAAAAAAAAAAAAAAAAANbH4mlCDdWVOMGrPtGkpLlZ7yNrZ33WppmrdEXcI/0laZwdXEbOHowcIq06kabhGcru9ls58My0ZqY/5Jj4y+hl8lfr7vhd4muqcvqxh/DF/+JbpcduJPGXdGRwe2fRhWGpfaf+V/sT0qn3k+qegZf8XoxPA0/ty90v2HSqfeTxk6Blu9k9Fp837n+xHSqfeTxlHQMv3+jPQjRj9Rz6//AATGb7sWeMqVZDA7Jjg9NqLjsFHEqOLw6dCScdu1SUacuDlFLd58Py0jN4lvs4s8ZcGYyNEdWIn4Oy4HVDRNVdrTw2ErReakrVV+LZaM9mOyueL584MU9lk1gdA4WhnRw2GovnToU4P3pGdeYxcTr1TPnMkUxHYkTFYAAAAAAAAAAAAAAAAAAAABybWeq61aTm72dlfNRXBJcEY7EVb5eiyuHTRRERDz9fR1JO7ip8slYvFEO6MOKtWhU0bRbypxg+act/S5bm4Oj0KYjRlOcbyUdpfXjHZlJWyUmn3t295jmqe46NQj/wDVUPljmae5PRsNI6LwsaXfjGm6n1J1I9p2Tv4opu1/Nq64WHM09ys5XDnVcsFTlPtKrnUlLOTTzb822yJw4OjUdiXw2Awlu7GcZcLt396KzTMKTgRSldWXHD1nOntJzacu87SaVs1u3Cq+7wcePgU1UzDrMJXSfNXNHn53KgAAAAAAAAAAAAAAAAAAAAowOQ6ZfrZ9f6UUo0elwNIRdZ91GkO2lpreXXUmnZ/w7r+RNhHxusvK5BDcwrShHdu5DcjdCjSy6IWTaG3RViikwmNGv1kevwM6tHFi6Ov0fCui/ItGjzdWsryUAAAAAAAAAAAAAAAAAAAAUYHIdMr1s+vwRnTo9Jg6ImpuNod9LWtmXWVe611e3HoBG2d87buCt8SBuYel3I79wsiytt3QlZuQWRSWcpPRn0kOvwMqtHFi6OwUfCui/ItGjzc6ryUAAAAAAAAAAAAAAAAAAAAUYHJNNR9bPr/SjOjR6XB0Q9WUYxnUm5KEFtS2I7c5XkoRjGOV5OUor2nThYc4lUUw1zWZjL4W3MXR2kNKwoWdbC46kpeFy7Jq9k9lvhJJpuLzV1dZndRkZr6tcTxfInlyqNaPV6SnoSDjGb9IjtRjddlF7MmleF07Npu2XFHFVTadXPX9I5ir7qfNiWrUXtParrYSunSjF96WzGycrtt/kyLSR9JZm/8AtTu8e/RmhoGKVr4jurO9FKy5vvZbhaUf6lq9zK9avRul/aL2ul2STa525C3iT9Ja725mf38FmktHRpRi4uT2m04zSTVlF3y/iKTufU5N5RnOxVM0bNlNFr1kevwMqtHRi6OvUvCui/ItGjzU6ryUAAAAAAAAAAAAAAAAAAAAUYHKNOL1k+vwRSjR6bA0h5rTsKvYw7KjOv8A2mE6sIUnW7lNOUYzgk7xk5ccu4fTyGxtVTVNt1o7NXzuXJrmKKYjdq16OjnXrUqMcNjth4meMrTxeHadNbLl6PGbV2m8pc20+FzsqxNiiapqpva0Wn1fAxL00zMR4uk0cbNK0qFaUdmEUu9lspty8Nm3N7XsPkTHi4aMaqN00Tbd6fDW+9npY6VS8XTnSjs7Lm9qM1lZShs03mr1OH1yNmzanGmvdszEd++/w3efFc9Jy3dhW2YtpZWc4bltXg3fZVnYbPiTmZ02J/twYqWkquzsujVbvtOSWe05Sk/FB2Waty2RNMd7OnHxbW2J/fnEvPaarxlPYjfZhFJ3kp995y7yWfBfylJe05Iy04GWi8Wmd831YtGL1kevwM6tHRi6OuU9y6L8i0aPNTquJQAAAAAAAAAAAAAAAAAAABRgcq08vWT6/BFKHp8vpCEksjaHfCyKLJb7WHzaeI3PY2tjkrX9t/wIs5tnG3Xin1alahS25tPEbL2nSaceSce0/G9vIha1dqd1N+352Zdii4q8sRtbKv4GtrYe7y2tn2XFkbOL4fuf0aDju6FnQ2qe4pKspTRC9ZH54GVbhxtJdap7l0RaNHmZ1XEoAAAAAAAAAAAAAAAAAAAAMDlusC9ZPr8ClD0+X0hB2yNod8LUiyy1StZO1iLk6r5VFaytu8iO1Fouw7TsrJ7l9Vk3RvsrGOS6IlZkiisqymNCx9ZExr0cOPpLq8Ny6FoeYnVUlAAAAAAAAAAAAAAAAAAAAADmOsEe/PqUoepyukINI2d8QtUSy1lVuCWGtm+Ky45ESrK+6SWfAlKkVkugRMLkiqspnQcfWR9phXo4cxG6XU47jSHlpVAAAAAAAAAAAAAAAAAAAAAA5rrEu/IpRo9Tk+rCBSN4fRUaJWUdOWTWatuCO1jq3vutl1EknYppZvd5CxsqxWS6AsuSIVmE5oCPfj7fgc9bgzOkunI0h5VUAAAAAAAAAAAAAAAAAAAAADnOsEe/L54szpepyfVhASidEPowpYleGS+Vsr+YRLXrN34buBEoY3KWVk7W42F5TeVy3EpXIhWU7oDxr54nPXo+dmtJdMRpDyqoAAAAAAAAAAAAAAAAAAAAAHOtYvG+rM6XqMn1YefnI2h9OFqZZaF8o8cvdf4k2RZgne7u793lYC5TStfkLputsErqZEqSntAeNHPVo+dmtJdLRo8qAAAAAAAAAAAAAAAAAAAAAAc+1hjeT6lKXp8nP2YeanF8jWH1IIxLrXVk+Ge6+RIwSja+/wAPF3IsiyqpKy37udxYsukgsRK1KyntXfH7jCrR83N9WXSzR5UAAAAAAAAAAAAAAAAAAAAAA8Dpxd59SlL0+T6sICojWH04Y7F1lsqae9XJsWiWOVNJOyW7gt4sm1mJzeVr7uMZfsVmVbti2RKykaJWUTKf1fp2kupjU+Zm+rLoxd5YAAAAAAAAAAAAAAAAAAAAAA8FpvxPqytD0+U6sIOojWH0oYmiy61kpac3xd7+XLirdSqnjLPRvufsefz/AOy0Lwy2Avgikqym9B+JdTKt83N9WXQizywAAAAAAAAAAAAAAAAAAAAAB4DTL7z6spQ9PlerCEmzaH0YYpSLLrHUJSxTSf57k87WvmhYmLroySJSvjMqhmpsiVZTWhfGupjU+dm+rLoRZ5YAAAAAAAAAAAAAAAAAAAABbOVlcJiLueaXqd59WUoeny2kIWc0bQ+hS16lRcyy+5ilVXHLl5kpuxOuuYRdd2y+eBKbr4zXMqmWelUKyzqT2g6nfj1Mq3z811ZdGi7lnllQAAAAAAAAAAAAAAAAAAAAaelG+zlbkGuBbbi7n+m3ddouPiX2Z8f3K2s+9g1bO7g8hi8RK+8m7o5yrvRdXFy2rZv25IjalTnar2a1bHcLZ+bE1o56Wr6VLn8+8jalHOVNilifm5pFUrRiVN2lXfBv3i8tqa6m7QxjTtdkXlM1VPX6uVfr8so+cvnMrq5MedqLOk4C+wr77Fnn8W21NmwGYAAAAAAAAAAAAAAAAAAAFtSF1ZhMTabvI6c0E83G9nvsH1svmaZi1TwOldX6ybcGpfdn3X79z/AWd9MxOjzeMwOKje+HqPzglU/S2xZaYuhMTTqLfRqx605r80V2YU2KWk6kuUv+YjYg2Ke9loxqPw05y6QnImKbJimlLYTRuNn4aFRL70ez/XYtENYmIel0NqnWbTqyS+7DvSft3L8SZVrxYdM1f1f2bNqyW5Mh8vMZqLWpetjGysHy5m6oQAAAAAAAAAAAAAAAAAAAAApKNwXaOJ0VTnwQb0ZiulFV9Wk9zJddOentac9WpcGG0Z+Fn+zk+YW6dSyQ1alxYVnP0tzD6tRW8hhXnpnRK4bRkIbkg5a8eupupWDBUAAAAAAAAAAAAAAAAAAAAAAAAAAAAAAAAAAAAAAAAAAAAAAAAAAAAAAAAAAAAAAAAAAAAAAAAAAAAAAB/9k='),(6,100000,'Fitness Treadmill','Treadmill','data:image/jpeg;base64,/9j/4AAQSkZJRgABAQAAAQABAAD/2wCEAAkGBxEHEBUTEBISFREVFxgVGBUXFhYYHxcVGRIXFxcWFRUZISggGB0lHRUXIjEiJSkrLy86FyAzODMtNygtLisBCgoKDg0NGhAPFS0lICI1KzQrNzgxNywuLTc3LSstKzc3Nzc3LTU3Li00NzcrLjczLi0uLy41Li04Ny0zKzArK//AABEIAOEA4QMBIgACEQEDEQH/xAAcAAEAAgMBAQEAAAAAAAAAAAAABgcEBQgDAQL/xABIEAABAwIDBAcDCAYIBwEAAAABAAIDBBEFEiEGBzFREyIyQWFxgUKRoRQjUmKSosHRcoKjsbLhFSQzQ2Nzs/E0ZIOTpMLSFv/EABYBAQEBAAAAAAAAAAAAAAAAAAABAv/EAB4RAQACAgIDAQAAAAAAAAAAAAABEQITITFhcaES/9oADAMBAAIRAxEAPwC8UREBERAREQEREBERAREQEREBERAREQEREBERAREQEREBERAREQEREHlU1DKRhfI9rGNFy5xDQBzJOgWixPbSjw7tPJPID8Dr8F4bytnX7T4fJDGfnARI1ulnluuQ34X7jzt3XVL7O1gxIGmqOrUsFmOd1ekDdAx5cLtc21r+GvAkBZlTvfoac2LJT6H8lnYLvRw/F5GxtMrC4gZnMIaCeAc7u4Ko3YZD0jo6nqkG3e2zhr1rjh3d3dzuNTiNPFh72uglDgCLWAflI1uNbEjTj3X5a71zr/dxX1jZjs11N+uHVKKCbt9sI8XjbC54L8t2AnUADrRPHHM3uPtNse4qdrDYiIgIiICIiAiIgIiICIiAiIgIiICIiAiIgIiICIiD4TZUlvYwWmq5BW0E8TpS60jInBxzg26RuW+txZw8L87zre9UyU2EzdEDd/UdbuYWuLj7gq1wHZCo2pLnUtTTsjaIwM7S5wZ0bchY3KQG6OHEdkoNM2qOIDNNcVDWi4DmnsizXcSANBp3W4cFjzYxNLa8pIvqxuXKWEcBaN1jq7Q3Go5WXrtNgNTsvUvhqZXSZmDJMGjsEC5jBvazrtLbi9u7QjQNqp8Hf/WGF8R9sD4tdz+q63oi314Z2EyPwt7XxEh7XBzXhpzCxuBcuH7lY8m9iqdoPkbSBdwu5zhbjdgJsoKJ2PY1zes11yHDgRwtbuIIK0FXQPlkLourI0jXMG5r6tc1x0DrDUd/HXVSFyjqV67Nb1Yat7Yqzo4y/sysJyX5Pa7WP3nxsrI4rn7/APGy4rhQrY4mCqjPXyDqytZoZY28Mw4OAFjlNtR1plui2z/pBgpZj1m6Rk91hcxE+A1aeVx7OtZWeiIgIiICIiAiIgIiICIiAiIgIiICIiAiIgIiIMHG8LZjVPJBLfJI0tuOIPEOHiDY+ioTC6mp3e4h0T+LHWHc2RjjfLf6L7XB9lw8wuiVE94Gxce10I1a2oj7DyNCO+N9tcp59x111BDU7TYJS7cCKqpZWOnY0jJnbZ4FzkeATlc119fMHuIrvC9hMWrKwCSGana92V8udlmRjieo45tNAB3n1UPmwqNrnB2djmOym9nZXAkEd1iCCPRbXCK7EKB7vktXOBH2hmfYXuLHiwcO/v8AJBd9Du3oKSMtmEtQ7X5yZ5c4X0s0Ns0eGl1rME3WRUVSJp5RNGwkxwmMAXNzeTUh1r2sAB1R4hQSk3i4xB/exTgcAY43/a6NwPxW7w3fLUwkNrKAX73xvcz3RvB/iQXHHGIgGtADRoABYAcgBwVJb0Nghg731tO90dO5zc7YzlMby8Wy92Uutb6JPK1rpoqltbEyRl8sjWvF+NnNBFx5FKuBlTG5kjWvjcCHNcAQ4Eagg6EIOYqbGsQw8ExYpUtAFwHue7S4GoLnDv7gpHQ7ycapQA59NLpcCQR3IIuL5HNd8FF6W8kjQOHSR2HcPn2W0XT0WHxRxMiLGuYxrWAOAd1WgAXvx0CCo6bfFW01vlOHhzfadGZGfZDwQfep9sRttBtgJOijljdHlLmyBvBxcAQWk37B5dyzJtj8PmJPyOBpPEsYIyf1mWK98C2cpcA6Q00eQykF5L3vLst8ozPJNhc6eJQbVERAREQEREBERAREQEREBERAREQEREBERBRm+eFkeItyNa3NCxz7ADM7PIMzrcTawv4BSnc5S5KepkZrIZHsGYm2kkjgDb6zzqotvkObE2jlDGPvvU13Mj+pSnnUzfByDZYHscIw99eY6mWV5keHRtLA8gA5MwzWsAAL2HLvXrWbv8Mq9HUwaOTHyxj1axwHwUnRSIprPOc5uX5jYIwA0AAAAAdwHABeda7JE88muP3SvZYOOv6OlnPKGQ+6MqsubMAj6WeMc5I/47/guoVzPsgzPWUw5zxD+JdMICIiAiIgIiICIiAiIgIiICIiAiIgIiICIiAiIg543oUL/wClZRLIZCXMcwm/UY6xDBa3Z1A/MlWdudblw53jPMfe4Kv96BzYy/w6EfcafxVi7pG2w1vi9x94aUE0REQFqdrX9Hh9UeUEv+m5bZaHbx+TDKs/4Lx7xb8UFHbCR9JX0o/5hh+yCV0eue920efEafweXe5n810IgIiICIiAiIgIiICIiAiIgIiICIiAiIgIiICIiCg94xz41L4OiH7KNWbuoFsLhPO5/cPwVXbeHNjM/wCmz4QsVq7rG2wmm8Wn+Mj8EErREQFGN5cnR4VUn6rR9qVjfxUnUR3ruy4TP4mIf+RH+SCsN1jM2KQfozH3MYr9VGbpI82JRn6McvxAH4K80BERAREQEREBERAREQEREBERAREQEREBERAREQc97aOzYtUn/EPwjH5K3t2rcmFUw+o7/Ucqc2sdmxKrPKWX4Aj8FdOwDcuG03+X/wCxQSBERAUK3vvy4W4c5Ih98H8FMpZGwgucQ1o1JJAAHiSq/wB9dY2HC2uuC108diNb9V5Fj6IIruaGfEHfVhJ97gFdqo3cJJ8prql/cIG/GU//ACryQEREBERAREQEREBERAREQEREBERAREQEREBEWvxzGIcChdNO6zBpoLlzjwa0d5KCgNpXXrq0/wCNVfB8iu3Y+oZR4XTPle1jBCxxc5waBdt9SdBxVEYnUfLJKmUAgSGoeAe7OXusfetNUSSVhAkke5rOq0OJcGNGgDATZo7rCyC+sZ3q4bhtxHI6ofyhbcf9x1mn0JUDxjfBW1lxTRRU7desfnXeBu4Bo+yfNV/0J9lp83fl/uvOSC/bf6BB64ztBPihvUzyzuveznFwB+q3st9AtXU1080QhzPEJdm6PMcnSagODToD1jqOazBkj7LR5nVY9dKJG2cR4eaC19w0H9GTTCZzWySsAa0mxNjew5nU6K7FyPgO0z6CzJcxb7D9QWEcBfl48R+63dkt70QaI68P07M7RnBHKRrdb+IBv327wttFrMH2hpMbF6aoil5ta4Zh+kztN9QtmgIiICIiAiIgIiICIiAiIgIiICIiAiIgKt99lQfk9PEPakdJ9hmW37T4KyFXO92mE5piQdOlF/Po9OXcfcgqcC7X/ou+JsothNU9lQ5o1aXOJB8zw5KXOyNjJ1BscxNrW6QWI9ON+XuiOEOaKi5IAJdrw5oJnh+Buxhhd0rWtGlu9p+sFF8Qp5KOR0ZaS4d47JHcQ7ktzC7MT0Ulu52U8R/v+KxpaKQG4dm80GqbSSSdp1hyb+ZWRBQNZ3a8zqfevYyOi7bSvSKqjJtmsfHT4oPSOlbyC8pMKY7VoLTzabfu4rPYF+0GmNFNBq1wdbUXFiCOFnDh7lvcJ3hYpgdh08pYPZmHTN+12x6ELzsvy5gKCwcD32NkAFXTeb4HBw8+jeRYfrEqeYLt1huNWENTGHn2JLxuv4NfbN6XXO8+Gxy6loB5jQ+8LDlwx7ey+45PF/jxQdbouVsK2lxHZ63QzTxtHstd0jLf5TrgejVOME32Tss2pgimHe6MmJ9uZY64cfsoLxRQvB96OF4lo6YwO5TjIB/1NWfeUwgnZUtDo3Nc08HNIIPkRoUHoiIgIiICIiAiIgIiICIiAqM32OllxBjWvNhEzKwk5QS513NHAE8L/V8Fea12MYFTY2AKmFkmXskizm/ovGo9Cg5wqh8y9rr6tANvF7b2PldY2B7LHFW3pJaWSXrNERnjY820zNjlyuyk8wD4cFdeI7rqeW5gmkjPJ1pGjy4O+JUOxfdnVh5b0DJ2Wv0gLBz6tnkODvId/FBlbJ7oJYhmq3thv/dxu6R1vF5Aa30DvPlsMW3WyxXNLM2QfRkGU+jhcE+jVIt1OAVOz1E6OpJBdIXsjLsxjjyNaGk3IFy0nKNBfndTNBzvi2AVOFf8RA9g4ZiLt+2LtPvWinwqOXW1jzH5cF1IRm0PBR3FtiKHE7kwiN59qLqHzsOqT5goOdXUUkHYd+H8kFY+Ltt9eH8lbOK7r5ormmlbIPovGR3kHC4J9yhmKYDUYWf6xA9niRdp/XF2n3oNBFWsk77ef5rJBuvs2HRTezY826fBYj8Kkh1iffw4fyQZS+WWCamWm/tGetrfHgvWKvY/vt5/mgyC26xp6Fk/aaCsoHNwRBqJMKLOw9w8D1h8dQvtDWVmCuzQPkjPG8L3Nv8ApNuA71uttZfktug3uC746+hs2foqgcpG9E/7bAB90qf4PvgoKywqGzU7ubm52+jmXPqWhU9LTNlFnAHzWDJhLR2C5ngDp9k6IOpsMxanxZuammilbzY9rreduHqs1ciiCekcHs7Q4PYSxw8iOHpZSfB95+J4TZpmzt+jUszftAQ4+rig6TRQ3Z7bU1lMamrFNDCAOu2oD7nlYDjyF/et1s7tNS7SNc6lkzZCA5pa5rmk8LtcB7+CkTazFNwiIqgiIgIiICIiAiIgIiICIiAvjmhwsRccl9RBHMV2IocRueiEbj7UXU+6OqfUKH4puymhuaeVkg+i8ZHeQOrSfsq00Qc/Ylg9RhZtPC9g4XcOqfJ46p9CtRPhsU3s2PNui6Xc0PFiAQe4qO4psRQ4jc9F0bj7URy/d7J9yDnuTB3xaxP9OH8l4unmpv7RmnO34jRW3im7WeHWnkZIPou6jvIHVp+CiWJYRPhptPE9nddw0Pk4dU+hQRaKvY/jp5/mslrg7gQVk1GFxTezY8xotdNg7odY3+/T48PegyV8Xls6x2LzdEJoGm9rve0fZuQHe9b3arCocAcGNqo5pPbY0H5vnmf2ffY+Cl80tcW0zhZYs1M6uIjijL3uNmta0uJPgBqVL9k9hqnaQCQ/NU5/vHDVwvY9GzifM2HnwVw7ObL0uzjbQM65FnSu1e7zd3DwFh4Ko5zpNmpcMkIq4JInhtwXBzcwJIuO42t3HzVt7pNnanD3SVFQ0xsewMjjIynLmzFxZ7PAWvqbqxZqWOdzXPYxzmG7S5oJaebSeHAcOS9kBERAREQEREBERAREQEREBERAREQEREBERAXx7Q8WIBB4g639F9RBFtoNksPfG+V7OhDGue58WlmtBJOSxaeHK6pfGKXp5bM6T5ODdpeAC7kXAEhdHvYJAQ4AgixB1BB4gjvUZxTYinq48kRdFbs+2B6O1t4AhBzIag4bVlzvpEOuO4nW/PTX0Uu+ROe5gpog+V3Ya1t9eOZreAPj4q0dnt2MdJUmoqzFL1XM6MMzNeHC15Q8WOndbuGqm2HYRT4XfoIY4y7iWtAuO4X5eHBBqt3+EzYNQsjqD88S97he+XM4kNuNLgWvbTipGiICIiAiIgIiICIiAiIgIiICIiAiIgIiICIiAiIgIiICIiAiIgIiICIiAiIgIiICIiAiIgIiICIiAiIgIiICIiAiIgIiICIiAiIgIiICIiAiIgIiIP/Z');
/*!40000 ALTER TABLE `loyaltyitem` ENABLE KEYS */;
UNLOCK TABLES;

--
-- Table structure for table `loyaltytransaction`
--

DROP TABLE IF EXISTS `loyaltytransaction`;
/*!40101 SET @saved_cs_client     = @@character_set_client */;
/*!50503 SET character_set_client = utf8mb4 */;
CREATE TABLE `loyaltytransaction` (
  `id` int NOT NULL AUTO_INCREMENT,
  `userid` int DEFAULT NULL,
  `itemname` varchar(100) DEFAULT NULL,
  `point` int DEFAULT NULL,
  `qty` int DEFAULT NULL,
  `date` datetime DEFAULT NULL,
  PRIMARY KEY (`id`)
) ENGINE=InnoDB AUTO_INCREMENT=22 DEFAULT CHARSET=utf8mb4 COLLATE=utf8mb4_0900_ai_ci;
/*!40101 SET character_set_client = @saved_cs_client */;

--
-- Dumping data for table `loyaltytransaction`
--

LOCK TABLES `loyaltytransaction` WRITE;
/*!40000 ALTER TABLE `loyaltytransaction` DISABLE KEYS */;
/*!40000 ALTER TABLE `loyaltytransaction` ENABLE KEYS */;
UNLOCK TABLES;

--
-- Table structure for table `mealrecord`
--

DROP TABLE IF EXISTS `mealrecord`;
/*!40101 SET @saved_cs_client     = @@character_set_client */;
/*!50503 SET character_set_client = utf8mb4 */;
CREATE TABLE `mealrecord` (
  `id` int NOT NULL AUTO_INCREMENT,
  `upid` int DEFAULT NULL,
  `uid` int DEFAULT NULL,
  `foodid` int DEFAULT NULL,
  `mrdate` datetime DEFAULT NULL,
  `meal` varchar(45) DEFAULT NULL,
  PRIMARY KEY (`id`)
) ENGINE=InnoDB AUTO_INCREMENT=49 DEFAULT CHARSET=utf8mb4 COLLATE=utf8mb4_0900_ai_ci;
/*!40101 SET character_set_client = @saved_cs_client */;

--
-- Dumping data for table `mealrecord`
--

LOCK TABLES `mealrecord` WRITE;
/*!40000 ALTER TABLE `mealrecord` DISABLE KEYS */;
INSERT INTO `mealrecord` VALUES (38,1,71,3,'2023-11-16 21:55:55','snacks'),(39,2,71,3,'2023-11-16 21:55:55','snacks'),(40,2,71,3,'2023-11-16 21:57:14','snacks'),(41,1,71,3,'2023-11-16 21:57:14','snacks'),(42,2,71,3,'2023-11-16 22:09:49','snacks'),(43,3,71,3,'2023-11-16 22:58:20','snacks'),(44,4,71,3,'2023-11-16 22:58:20','snacks'),(45,5,71,3,'2023-11-16 22:58:20','snacks'),(46,2,71,3,'2023-11-16 22:58:20','snacks'),(47,1,71,6,'2023-11-16 23:15:02','snacks'),(48,2,71,6,'2023-11-16 23:15:02','snacks');
/*!40000 ALTER TABLE `mealrecord` ENABLE KEYS */;
UNLOCK TABLES;

--
-- Table structure for table `orderfood`
--

DROP TABLE IF EXISTS `orderfood`;
/*!40101 SET @saved_cs_client     = @@character_set_client */;
/*!50503 SET character_set_client = utf8mb4 */;
CREATE TABLE `orderfood` (
  `ofid` int NOT NULL AUTO_INCREMENT,
  `ofname` varchar(100) DEFAULT NULL,
  `ofvendor` varchar(100) DEFAULT NULL,
  `ofprice` float DEFAULT NULL,
  `ofimg` longtext,
  PRIMARY KEY (`ofid`)
) ENGINE=InnoDB AUTO_INCREMENT=64 DEFAULT CHARSET=utf8mb4 COLLATE=utf8mb4_0900_ai_ci;
/*!40101 SET character_set_client = @saved_cs_client */;

--
-- Dumping data for table `orderfood`
--

LOCK TABLES `orderfood` WRITE;
/*!40000 ALTER TABLE `orderfood` DISABLE KEYS */;
INSERT INTO `orderfood` VALUES (1,'Hamburger','Clementi Mall',19.99,'https://encrypted-tbn0.gstatic.com/images?q=tbn:ANd9GcTCj-rrbXtqidB3coimmXmCOzLTbHwptgdA0g&usqp=CAU'),(2,'Salad','Admiralty 313',10,'https://encrypted-tbn0.gstatic.com/images?q=tbn:ANd9GcQ1jilAOw-NbN6aV2xQ85h-zp9m2mqWO-3L3w&usqp=CAU'),(3,'Pasta','Woodlands North',15.99,'https://encrypted-tbn0.gstatic.com/images?q=tbn:ANd9GcRp3Rp4BN1k9rMidFoBnD7OLU_p0g-6Dwf0xA&usqp=CAU'),(4,'Green Smoothie','Yishun',8.7,'https://encrypted-tbn0.gstatic.com/images?q=tbn:ANd9GcSv079VWcqjozYf_8AmhByGaeG7OD5eShR21g&usqp=CAU'),(5,'Chicken Rice','Ji De Lai Chicken Rice',3.5,'https://danielfooddiary.com/wp-content/uploads/2022/03/jidelai9.jpg'),(6,'Chicken Rice','Tiong Bahru Chicken Rice',3.5,'https://d3h1lg3ksw6i6b.cloudfront.net/media/image/2017/06/16/cc07b8ef705f420fa49d30c54adbecc9_Tiong+Bahru+Hainanese+Chicken+Rice+1.jpg'),(7,'Beef Burger','One Fattened Calf',12.5,'https://static.thehoneycombers.com/wp-content/uploads/sites/2/2022/02/best-burger-in-singapore-one-fattened-calf-900x643.png'),(8,'Beef Burger','Burnt Ends',18.9,'https://static.thehoneycombers.com/wp-content/uploads/sites/2/2020/03/burnt-ends.png'),(9,'Beef Burger','Wildfire Burgers',15.9,'https://static.thehoneycombers.com/wp-content/uploads/sites/2/2022/02/best-burger-in-singapore-wildfire-burgers-900x643.png'),(10,'Beef Burger','Project Burgs',14.9,'https://static.thehoneycombers.com/wp-content/uploads/sites/2/2022/02/Project-Burgs-best-burgers-in-singapore-900x643.png'),(11,'Beef Burger','Burger Frites',15.6,'https://static.thehoneycombers.com/wp-content/uploads/sites/2/2022/02/Burger-Frites-best-burgers-in-singapore-900x643.png'),(12,'Beef Burger','Wolf Burger',15.9,'https://static.thehoneycombers.com/wp-content/uploads/sites/2/2021/05/best-burgers-singapore-_-wolf-burger-900x643.png'),(13,'Bryani','Bismi Biryani',13.8,'https://eatbook.sg/wp-content/uploads/2021/03/bismi-briyani-combo-platter-dulang.jpg'),(14,'Bryani','Cafe Mariam',14.9,'https://eatbook.sg/wp-content/uploads/2021/03/cafe-mariam-briyani-in-singapore.jpg'),(15,'Bryani','Bismillah Biryani Restaurant',8.9,'https://eatbook.sg/wp-content/uploads/2021/03/bismillah-biryani-briyani-in-singapore.jpg'),(16,'Bryani','Allauddin’s Biryani Pte Ltd',8.8,'https://eatbook.sg/wp-content/uploads/2021/03/allauddins-best-briyani-singapore-1.jpg'),(17,'Bryani','Koothurar Nasi Briyani',9.5,'https://eatbook.sg/wp-content/uploads/2021/03/koothurar-nasi-briyani-best-briyani-singapore.jpg'),(18,'Bryani','Geylang (Hamid’s)',7.9,'https://eatbook.sg/wp-content/uploads/2021/03/geylang-hamids-briyani-stall-best-briyani-singapore-1.jpg'),(19,'Chirashi Don','The Sushi Bar',23.9,'https://i0.wp.com/singaporeverified.com/wp-content/uploads/2023/08/The-Sushi-Bar-2.jpg?resize=1024%2C1024&ssl=1'),(20,'Chirashi Don','Sen-ryo',32,'https://i0.wp.com/singaporeverified.com/wp-content/uploads/2023/08/Sen-ryo-2.jpg?resize=819%2C1024&ssl=1'),(21,'Chirashi Don','Chirashi King Kong',13,'https://i0.wp.com/singaporeverified.com/wp-content/uploads/2023/08/Chirashi-King-Kong.jpg?resize=1024%2C1024&ssl=1'),(22,'Chirashi Don','Umi Nami',10,'https://i0.wp.com/singaporeverified.com/wp-content/uploads/2023/08/Umi-Nami.jpg?resize=1024%2C1024&ssl=1'),(23,'Chirashi Don','Hokkaido-ya',15,'https://i0.wp.com/singaporeverified.com/wp-content/uploads/2023/08/Hokkaido-ya.jpg?resize=1024%2C1024&ssl=1'),(24,'Chirashi Don','Otou-San Hokkaido Donburi',16,'https://i0.wp.com/singaporeverified.com/wp-content/uploads/2023/08/Otou-San-Hokkaido-Donburi.jpg?w=680&ssl=1'),(25,'Chicken Rice','Tian Tian Chicken Rice',5.5,'https://i.ytimg.com/vi/XFrGqXd06zY/maxresdefault.jpg'),(26,'Chicken Rice','Boon Tong Kee',6,'https://encrypted-tbn0.gstatic.com/images?q=tbn:ANd9GcSp65C68B2gSH5jTw53hPAa9qp2aHj47G1uMA&usqp=CAU'),(27,'Chicken Rice','People\'s Park Chicken Rice',4.5,'https://danielfooddiary.com/wp-content/uploads/2020/01/Peoples-Park-Centre-Hainanese-Chicken-Rice-scaled.jpg'),(28,'Chicken Rice','Hoe Kee Chicken Rice',2,'https://danielfooddiary.com/wp-content/uploads/2022/05/hoekee1-scaled.jpg'),(50,'Chicken Rice','KFC',10,'data:image/jpeg;base64,/9j/4AAQSkZJRgABAQAAAQABAAD/2wCEAAoHCBUVFRgWFRUZGRgYGBgYGRwYGBgYGBgYGBgZGRoaGBgcIS4lHB4rIRgYJjgmKy8xNTU1HCQ7QDs0Py40NTEBDAwMEA8QHhISHzQlJCs0NDQ0NDQ0NDQ0MTQ0NDQ0NDQxNjQ0NDQ0NDQ0NDQ0NDQ0NDQ0NDQ0NDQ0NDE0NDQ0NP/AABEIALQBFwMBIgACEQEDEQH/xAAbAAABBQEBAAAAAAAAAAAAAAAEAAECAwUGB//EADsQAAIBAgQEBAMHAgYDAQEAAAECAAMRBBIhMQVBUWEicYGRBjKhExRCUrHB0eHwFRYjYoLxM3Kyogf/xAAZAQADAQEBAAAAAAAAAAAAAAABAgMABAX/xAAlEQACAgICAgICAwEAAAAAAAAAAQIREiEDMUFREyIEYXGBwRT/2gAMAwEAAhEDEQA/AO4Ki+wk00iaRZwJzuXsqkTqmDOJJ6wgr15NziMWmQMqGIvJo4MX5ImERGvLRaSCiFSRqII0Jp1D1laoJfTpA85aMkK0FUMUw7w0OjizaGBJhW84QiW3lkybAuIYBwLo2YTGYk6ED1E66nMbjWHAYMOe8El5GizIFFT+FfaJcOlx4BftpLlkkGskObGDctYGaf2czOHDWa8tHolLsqNOL7OWGRLjrGAQyxZYmriVnECC0GhzGkDWizmDI1FlzFmMoGIBbLcX6QlRcQZoKi2QzTnvibiDIhUGxPPt2mpiMWFbLMbjmDNdLKdRtOTn5XOLjF0ykuF4nLcP40aObJYs25PKH/5pYa5rufX6CYVPBNTzI+8Cw9qdUELzvcyHG5ccUrON3ddHrPBsY9RAzrYzRDzguCccdKhD6K219vSdanEV9J2w54tbOiMHJaNHNGzSFFw20sKyydq0BqnREvFHKRRgGExkSIU2FYcr+RvKzSPQzznGXkumgZhBXwl+Zmn9nHFGK4maT7MethyFsokaGBYagmbf2UcIImCEcEwPDUGG8JFKXKkuRJSMR0qVAwpSa04UqSRAG5llEDY2HZhD0YMNRM77yi87yD48nbSWjKhHGzQq1FTnMTiFUuZNnvrBncczGys1UUEWkA8qxGJUc4CuLDNYHnEYx2PB1uLwvEYoLtBMNdEA52kCLyl1oSrHfEsYwYmNliLAbmD+Qk1EsAgzYtBoWGszuK8YRBo636XElPljFWByRr1nspK6mZXDcdiGc/aU7KTYQDgfGHqufECo5WnWXGl9BOePM+V2rVDRjewOjwlVqmqWN2AFr6AeUJxdVgtl3lWMx6qLA3PbWAUsUzbqQI0pJWl5Lwg1tg33Wpcs0Lw46iTFbqbSYrLJxUUUk2wHH4NKoystu43mW3wlRvdnY9BebGIY7jaUI45HWYR8cXtmfW+Gxe4csBsDDcLRsthylgq23MkjA6ibFLYVGlojgseVfUWtvOioVlfYzkcfw582em/LVTzgeB4w6Pqrb2OhtLcfI46fQs+NTVx7O+NOKZ+E4wr7bRTp+WPs5/jl6OcDsNmI8iRJjGVB+M+usZllZExgheI1OoPoJYOJv0X2gVohFaCg08RY7qvtH++n8q+0CEleK0GkGrxB+QA9I/31zzgN5INANSDDiW/MYhUJ3MGVpYjTGLiYgZDNGzTGDKYvpBcf8PsxzK7C8K4e128psGqJWK0Tk9nBV/h1xu5MfBcNKOpsdxO4cAylsOphxBYnO3lGAklXlHAga2ZDZZjcQ8NQF75PpfvN1RI1aCuLEXickXKLSAzn8XRoVAPFt0gtCnRU2SgWPVh+5nWYbh6KLBRrLmoLsFE4H+LN7boZJHNYDDk1AzKFtsBN3EqxAVecZ8KoN+clUqZRfnH4uJQTRddqitcKtNdrk7kzKxNW0q4jxltrGw5zKr44kam19oZyXSWi8Ivthv2t5JatjbXzgGGBGpa/OFUXudOclQzCxUvpA8bSUAvfKR0ltSsVOXLvsTMumrVKhV/w8uUpfgT9lnC2quCzbctOU2sElwYJhcUwuiqLA7zeohQmukaKTEk2gci0mMMCPkHtGfXXkJbSxNzpGTSexGn4J0cOuXVQAIpPEPcaR5b6+iW/Zg1KcpZZp4lVvvAqiyzQiYKRFJvKWMDCh7xXlReRLxGMi/NFmg2eL7SKxgtXlgeBLUhvDaf2jheW7eQgMblFAgUBLsbX5m8uqUxa7INNT8ulupO0liuIJTXVgDMPivxIAhKEknwrluCCRYN1P9YPqnthdpXRU/xPT1+zpZrMqkC17Etci24AW/qIc3FhoLJc2AF+Z5HS15wTY9w5JUg6abkuTrc6mPQas73qoyqCbmzBRcjc8r2EDbSuznjytyqkd+/EXT5qZHewI9xpFR4wp3X9o+Dq3Qa8t94Jj0RgVDFGItmUfqOcDm0rs7IxjJ1Ro/fabG2azWuNd79OsKSqDo2h68pxOMrPRGQoCNAr5bhvI3Nj231hPCeOFvA/lc6EHveD5ZLsz4Yvo7EoR3HUR1MylxDr8pt56iaFCs5F2Rf+DX+htLw5FJeiEoOIcjaRObCB0cfTbZhCXe40IjyQiBatbXvGUZrhtbwfE03LaDTrCqTBF21+s5oxeTss2q0c/wAXwhG23SDcK4O1Vgzr4BvfmJ1GJwgcAkyVAKi2v2EC4/tb6HfK8aXYPi0poAtgulgdJhUKt6mTKDb8QmrxTKdGF5n0TlHhUHy3k5yuQ0V9QvG4VTlvyMGfDqpZgLfvL8JWvcFTcR31BsLjl5zWns21ozqbEaBbd4ecM+hZr26SrKy2LgW7QqvitAORgSVbM2/BRjKpAAA3O8sRyCIYmDUi7GVYyooFgNocGtti5LpDs+msUEFS+wildiaM/j2GcglSQZyT8VxNM2PiHeemYmiGEwcdwZX5TrkiCOTT4p/OhHlLV+I6R/FbzhOJ4AByldL4TZ9coA6toJMcj/jNI/jEb/FUOzA+U1cL8HYddXJc9F8K++83MFw6jS/8dJF75Rf3mo1mHQwFV0V0AYNyuFZdSNQ1unKFUuBVT8zKvrczYxlN7Z0+YfUcx5xuH8RR7hhfodfrFunTKKNq0C0eAKTq7HyAEKxAGHUrSpuSd2AZifpD/vCgGw03udtO8zqnHkzZQ9zpcldACfPeLNrroeEX3VnKYipUd7FHtuSVOvYQXGY5FFs3iFrgKx9yP2vOyxPHFvYA5epNifICczxnB0qhzIWDHfwBgeXUSTil0HkzlGlov4acMgzsyLmUXu2pF9znsRvqRbl2gPFfjqgGy00aouoYg5VHTLca+wHczBx/w8WsV1bmoy/0/feWYD4TO9XKB+XPr5nLM5OqOJcMr6D+H/EV38IKpcWBN7DW/wD1Ooo1Ucqc3P0MxMNwBU2RWW4uN7juDz77zZo8HpKt0zpqTfMzrc8mDklR2BEkovyd0MoqmbYxS7AwXG4KjW+ZcrH8a2DevX1mMwqIfEMy/mS591l1PiNxdf79DtBKbKKPo1MDhKiLlZg4A8JFw3kQf5MJw2GfL/qai2osAp9NdIHhsdC/vZ6wxnFbBJMweJ8PxCOXw6Zqdh4Qdb87A7CCpxx6ZtUV6Z7g299p2uBqhrrlItrfkb/pCKlENowBHQgGd0KlFNM45ak0cthviNj8rhvOaKccv8yA+RjY34Twz6hCjdUOX6bTncb8LYqlrRqZ16HRv4MZpgTR0x4mhN7svpcSqpUDbVB63E4V+J4mmcrpqORBBkk+JbfMh9NZKUU+yibXR6FRyMPGysTvrHoYZEJKbHle84NfiWmdwR5iWL8RUvzQYx9GyZ6EWXWy6mCU06icYvxDT/P+sn/mJPz/AKzOKYU2jtCituIMcJqLHnfXlOU/zEn5z9Yx+IF5EmBxi+wZM7Hx7FhbzlQpj8TicgeOk7Ays8TqNtpDSBbO2FemvO8ecOKrtuTFDkaj0dxB3Uc9JOriOQ94Odd5dyJJETYbL6mQYE7y4U4+WKMUZZYqydpncR4qlO63BexNrgWFr3MIOyzGcQZGCJTZ3IzWW1lW+XM1+QMtq8NVUBsGqWuz2Grbk2I2vCOCKTSR2OZnUPfswBCjQaQupbYgkdok9qh4NxZxPFEquCGd7f7dP0lvwziain7FEzKLub2Ujqbn5rnr13E65qCkaiw+sDxJRNgBbS409+s53HDbZ0fJkqodyCQXQHuUBP1EixUa5F11+UD9oGccVHzdr9b9JH77f5j76wqQKCWKHTInqi/xKamFpObtTW40uvh/Tf1jqi23Iv01EYoRtY/Q/X+ZmZAdXhDL4qD2A/C5JHo+p95GnjatM5aikHkQLg+RGhhi1gDY6HodPbrLxihqNwfUH0gGv3sBfiCl8rra63Vx+LU7j2jDDJU+Ui/XUEecuxOBpVLbqRe1tRrbkfLlaRVPsvnF15MNR69JJre+h7Va7K62AyEWe5tqLbdOfnLMPcaGXPSzFWW1jue3KQouDcZgbHr0k5Q+2tGUtGtw+uFFjYDfuZojUTEpHpNPC4i+h3ndwz0os5eSO7QQREI9o06CINjOHU6y5XQN5jX0M5Li3wWVu1E3H5Tv6Hn6ztg0sDQOKZlJo8arcNIJDKQRuCLGDtw7tPX+J8Ip1hqLNyYbicbjuEPSazajk3I/wZGUWikZJnIf4f2k1wPadF92ES4cdIoxhJg+0ITCTaXD9pJaMxjLTCwlMLDloSwUZjAq4eKGrSjzUY3csksmFjlZYlYxNheVpU015yrF4gKp0bbQhGP7SjBPnQgNqN+un7zi553JKxotAPxHxn7vRLp8xIVQdrn+gM4jAcRevVVMhYt4UAN8pLAl3uDfTMTt1m58a4R2oZhrkcMwUE6WIJI5WveZf/8AOsCtbEF/FagAbDZnfMBc9AAdOekfhk2iukrPVRoAB2A5C3lylT1nDi40v78pYRcjUdowve178+1+Uq7EQqiM1/FlHv8ASZXEsM7fJc7Ag297zSNNtTf0P6wZ0fxENbw8za2nLSTklJbQ0ZV0YdfCZRlZr5ddOm1uwgljurgjo4P/AND+Jo16iZTcDOE8RJ+Y25zF+xZAjl1P2hNhYix1IF+egiJrwW35D0xjjTJmHVGzfTf6S6jxNDoWsejaGBooGut5c9MONbN5i9veG2bQe9ZSLEAj3EHNFhqhuPy319D/ADA0wpTVGK/7Tdl+uo94bhceq/8AmQ30sR8pP/tuPW0D/YV+h6NU301125wxalhYg+RG49d5eeIkDRAPKDHigbQ2PW8m5JeQ034HpAobobA3up6k3uJLOhcXABtsfODVKbfOhuOnMfzGGI/OD2PP/qBy9Bxs01AubS1HINxvM4Y5F21PbU7w0HYHTsbSkWSlFrs2aNTMoPX6GOYFgalrjlvDbzthK42c0lTGiBjmK0cQkrSOJoK6lWFwYrSYMxjlsZwko1gdOUGOCInXYimGEDFEdIrihsmc593PSIUj0nRHDiROFEGAcjB+zPSSCHpNv7qI33SbA2RkKnaKa33UR5sTZFgWQrDTSX2gWPxioNRdjyG3qeQml1sRugcV7mzbg6d+3tKMTSZH+0RSVJ8agai+7Dr5ShaFSqC5bLpcKLAacif3kcBxQp4Ta2xBPv6TxeTlWX2tLwx4r0EYzAJiaTor2zoVuDqLiR+GeGU8JQFMBVclmfxXZiDYHra1v+zKsbw6nW8dJ8jnfUrc9ZTgKLYe96ZZm0JBuW11tc2v7SvD+Q1LGlT8lMZM6FWtlYgnfpzEZa1/mOTzNjYd475SF1sL6d9DpE1RNjbXTcX9J3deTIpTFqb2bbTzEB4jxFcnhYZibWuLjqSOWn6wrErmWw37mYbsVfxrsbHn5bSUpS6KRS7Dca4K3dAbpqANQet+m0G4Zwp6pV38NNBdQLXY7egFvPWENiChGhIA1BBN1IOnn/ELp4xTTWysg2C8xY22HKFVdtmd1ozuKLTCBgjKxOincDv/ANwXDi4zDTz39obxCuroVtfmCRsex5QTD4J3p57qoAuBfe2/lBlb0OlS2WK4I1MoxNTSUXuektTLezm3Q7xWPRqYB2VEJF7rfUb3kcTgkcEp4H//ACexH7wJsaiIVRrtvc3tfp5QnhWLFUElQO99O9pOXoyVbCEpsii4NufS/nIPTuCRy97dYc2IBBQGCp09IvXQU77IYVMo8IAN9DzmhRpBV39+ZgiJY3vCgZWL9k5Oy5HtrC6OIvM5zaOjWnTxSpEJo2VePmmfTrQlKkumSaCbx7yoPHDxhSy8HfRvPX+f2lwMFxr2sfOBhRcI+WD064lyuIQEssa0kGjzGIZYo94pjFVpgfEodFzot7b9R3m8WAEjUW46iJOOSoElaOK4BxvEMH/0s6I1msQGF9dAT4j/ACJoGthcTs2RxoQfCwI5EHeUcb4YKKPVpZl01UHw779rTnk+JnPhqUKdQf7l8Xv1nmc/G0qkrDGSjo1sbw+qjXUlxvexldHjtSn4SG8iNJXheK0H1SrXwx6XNRNegNzNemMQ4/08TQrD/fSXN62a95xr8eLdp0/0WXMCjj92GZNTqOl5q0cZTcXAN+ZtfLbke8y69bFICXwdF7c0Yp/9TPxPGLIVOGrUdcxyKHU+eoNtBOyDlFU3Yz5IvxRu1xfXNYb76+whGEoKEzPvcNuRqLEXt3AnFD4jBsvi0NtUN99rDnOgbiIcaag89vpKRkuxry6ZtU8UC+a21+hvB8ZiTlsoFuWkHw+Gsmctvtrawg9DGpnCC7DW51OUkaXMZydbDFK9BLgEZSPXnJUaSohBUnMxIXcDl6f1gWKd0dMt2u4vroFv+surHVraE2N+RO2v0gVDFIwoSgzv8+ey66BMwFz6XJ8pA4V2W6FH7bfWFYernBQg7WueZ1BtIDD5GFhZSNx16TWg2zEp4VqpcOmRkNrA+fMenvHw+GdDkQkLuRpp3E1sPSNnI1Ja+ve37S5sMuh/EO9r+cD2h1IzcKXDXVyeW95s4OnmuxBve2ott+shTp6WIAPaGUH1t2iRjTM5aJL7S8G0pekCb6x2cai8ZJpk27HZyTqOenlLQZSl+ctvOmCpEpPZJHhFN4FbXf8ASxl9OViybDUfn++kuRoIgA5baeQhCCUQjLwZn8UqDQf3/ekOvYXMwcfULv5frBJ6DFFtOrDKVSZKoe0spkjlFTC0bStJ2mdSq+cJR+8dMQIyxSCse0eEwwiCgbSNOorC6eo5iOGgCQq07zjOPcHdnP8ApBsx8LLZSO2lvrO3MoxFAOpU+hG4PUSXNx5xoyPL8X8M4hdctl21N/0tA0wldPw7dCwM7jiWKxVHwlA6fnAvm/8AbQ5YHhuO/mVAOmv7zyOZqDp3/aAkn2c/h+O4ikAM726WL297zRofG3J0R+5Wxmq74Ov8xFNuuw94FifhhXPgdGHcg+0CvtO/4f8AgyivDIPx7A1R46NieYAP1Fpn4wUSL0cQyAbK5PtaQrfCpB+W3lFh+AMGuFJty094+V9spFNeSP8Ai7soR21BsCNjyW4tpLEr1KRUX8N73Gu5O80sF8NEsHOZSDfl+kKx3CqaDxVeR0LKPYS16tlckhU6t7Mde45Hyl71gCQzAk7Ab+0xeEiztle4PfTwnp3udZdSxTPUZioQC1r79I8XasKdmrQcWzHQA8/77yWOvkBW5BFx+sFNZCMt7knl1tJLXOQoNeV+n8whKcNxBr5SnMAm9vpzhi4lGNjbrYnWDUqfhOl2vodgBAU4a4cOG2vpy1/7MFNhtHQ0tbWjUatrk7nty5Wg2GVwtifbSX0qQG3OFRYHJFj1S2l/6SaJ1iVZYolIxEciYa39n+xJ3lYEuVLyqQjHSEIsjTpQpKcrFE2xKsvVYwAAuZnY/iIAsP6n+kLaQErJ8QxoAsPT+ZkKDKWqFjcy1DJN2x6osAaLxd5NWlkKAPRZoWkHpGFI0pEVjiKXKRFGFMatVKNmBseohWH4orfPofzDb1HKDY1JgYkspuptMzI7YNfUG47SQM4fDcbKHxXXuu3qs3sJxtWHJh1Xf1EWxqNu8zsbwShV1amL9V8J9xvCKOLR/lYeR0MvBglGMlUlYDlMT8FoT4KrL2YBh9LTOr/CmJX5XRvVl/md6DGkH+JxPwCjz/8AwnGpyb/i/wDJkcmPGwcf8hPQyIgsn/ww8NhPN2wGOe4ZyAbbsxt5C1pfhPhl93Jc+Vh/WehBB0iCCPH8WEdmVHLYbg9vww0cNm7liKSy4kh82YH+H25SJwp6ToDTEg1GB8aDmzA+xPSR+z7TcOHEY4UQfGHMxlTtJKh6TYGFEQwomwNkZgQxwDNT7qJIYYQ4AyM+nTJhdOnCBTAkHrqvOMlQG7LUSNVxCp59Jj47jSroD6DeYWJx7vpqo6Df1Mzn6Mo+zZ4hxjkDc/QfzMj7bMbsbmCLTHOXU7SbdjhaES5fWUowhKETIDHRrS4VeolZpjkbR1Q9oyFCKbiGU5nJaF02jxFYYIpBWMaMKD4kTAxyCKKFmRh4gQI3BuCQextFFJsdBnDeKVGYKxB7ka+830x9RbWY+W4+seKYJs4HGsw1t7TRiijLoV9iMkIooQEhJRRTGHjiKKEwooooDETHiimMKKKKYI5gmIxBG0UUWXRomZicW9jrOZxXEajMQWsO2kUUkypSJNHMUUBiZcyym5iimMFJCUiijIVlojiKKEUuRRCaSiKKOgMJpxRRRxT/2Q=='),(52,'Spicy Chicken Rice','KFC',8,'https://www.kitchensanctuary.com/wp-content/uploads/2019/08/Korean-Fried-Chicken-square-FS-New-7377-480x270.jpg'),(54,'Sweet and Sour Chicken','KFC',12,'https://mymorningmocha.com/wp-content/uploads/2023/08/Sweet-And-Sour-Chicken-Recipe.jpg');
/*!40000 ALTER TABLE `orderfood` ENABLE KEYS */;
UNLOCK TABLES;

--
-- Table structure for table `recipe`
--

DROP TABLE IF EXISTS `recipe`;
/*!40101 SET @saved_cs_client     = @@character_set_client */;
/*!50503 SET character_set_client = utf8mb4 */;
CREATE TABLE `recipe` (
  `recipeid` int NOT NULL,
  `recipetitle` varchar(100) DEFAULT NULL,
  `vendor` varchar(100) DEFAULT NULL,
  `recipeprice` float DEFAULT NULL,
  `protein` int DEFAULT NULL,
  `carbohydrate` int DEFAULT NULL,
  `fat` int DEFAULT NULL,
  `saturatedfat` int DEFAULT NULL,
  `sodium` int DEFAULT NULL,
  `cholesterol` int DEFAULT NULL,
  `calories` int DEFAULT NULL,
  `recipedate` datetime DEFAULT NULL,
  `recipeimage` varchar(1000) DEFAULT NULL,
  `sugar` float DEFAULT NULL,
  `dietaryfibre` int DEFAULT NULL,
  PRIMARY KEY (`recipeid`)
) ENGINE=InnoDB DEFAULT CHARSET=utf8mb4 COLLATE=utf8mb4_0900_ai_ci;
/*!40101 SET character_set_client = @saved_cs_client */;

--
-- Dumping data for table `recipe`
--

LOCK TABLES `recipe` WRITE;
/*!40000 ALTER TABLE `recipe` DISABLE KEYS */;
INSERT INTO `recipe` VALUES (1,'Hainese Chicken Rice','Tian Tian Chicken Rice',20,100,325,20,8,1112,41,525,'2023-10-11 15:24:22','https://100kcals.com/wp-content/uploads/2020/10/Hainanese-Chicken-Rice-Calories.jpg',0,0),(2,'Nasi Lemak','Encik Ali',10,13,80,14,8,838,76,494,'2023-10-11 16:24:22','https://www.yummytummyaarthi.com/wp-content/uploads/2023/03/3f0d98a9-c59f-4dac-8071-4087d82aa365-scaled.jpeg',0,7),(3,'Nasi Goreng','Encik Asgar',10,12,36,9,2,549,98,274,'2023-10-11 17:24:22','https://www.wandercooks.com/wp-content/uploads/2023/05/nasi-goreng-3.jpg',1,1),(4,'Penang Assam laksa','Encik Ali',20,13,61,1,0,2140,0,310,'2023-10-11 16:24:22','https://health.family.my/files/sites/55/2015/04/malaysia-asam-laksa.jpg',5,5),(5,'Kaya Jam','Nyonya Special',25,15,105,76,43,1231,738,979,'2023-10-11 15:24:22','https://www.sidechef.com/recipe/86efa116-1720-4732-bc84-38608f237591.jpeg?d=1408x1120',97,0),(6,'Fried Rice with shallots','Queen of Fried Rice',15,6,45,4,1,530,25,238,'2023-10-11 17:24:22','https://www.savoryexperiments.com/wp-content/uploads/2022/11/Fried-Rice-9-500x500.jpg',1,2),(7,'Swiss roll with chocolate','Hearts Bakery',12,1,19,5,2,103,0,124,'2023-10-11 15:24:22','https://www.simplyrecipes.com/thmb/hlTbS_TNYARzCdBhAtbEjRmRvzU=/1500x0/filters:no_upscale():max_bytes(150000):strip_icc()/Simply-Recipes-Chocolate-Swiss-Roll-LEAD-2-ecad1f5cc39246b7b53d9d46afaa9e6a.jpg',12,1),(8,'Belgian waffles','Hearts Bakery',12,6,25,11,2,383,52,218,'2023-10-11 15:24:22','https://images.immediate.co.uk/production/volatile/sites/30/2022/09/Classic-Waffles-0ae28b2.jpg?resize=768,574',10,1),(9,'Fresh corn salad','Salad Expert',10,5,31,13,2,317,0,239,'2023-10-11 15:24:22','https://www.inspiredtaste.net/wp-content/uploads/2023/06/Easy-Corn-Salad-1200.jpg',7,4),(10,'Asian Ginger Fish Soup','Souper Lang',12,29,13,3,1,1690,163,210,'2023-10-11 15:24:22','https://noobcook.com/wp-content/uploads/2018/03/9F5C4471-620x465.jpg',7,3);
/*!40000 ALTER TABLE `recipe` ENABLE KEYS */;
UNLOCK TABLES;

--
-- Table structure for table `recipeingredient`
--

DROP TABLE IF EXISTS `recipeingredient`;
/*!40101 SET @saved_cs_client     = @@character_set_client */;
/*!50503 SET character_set_client = utf8mb4 */;
CREATE TABLE `recipeingredient` (
  `recipeid` int NOT NULL,
  `foodcomponent` varchar(100) NOT NULL,
  `ingredient` varchar(300) NOT NULL,
  PRIMARY KEY (`recipeid`,`foodcomponent`,`ingredient`)
) ENGINE=InnoDB DEFAULT CHARSET=utf8mb4 COLLATE=utf8mb4_0900_ai_ci;
/*!40101 SET character_set_client = @saved_cs_client */;

--
-- Dumping data for table `recipeingredient`
--

LOCK TABLES `recipeingredient` WRITE;
/*!40000 ALTER TABLE `recipeingredient` DISABLE KEYS */;
INSERT INTO `recipeingredient` VALUES (1,'Ginger Garlic Sauce','1 tablespoon rice vinegar'),(1,'Ginger Garlic Sauce','2 tablespoons fresh ginger, grated'),(1,'Ginger Garlic Sauce','2 tablespoons garlic, finely minced'),(1,'Ginger Garlic Sauce','3 tablespoons peanut oil'),(1,'Ginger Garlic Sauce','kosher salt, to taste'),(1,'Hainanese Chicken','1 bunch fresh scallion'),(1,'Hainanese Chicken','1 gal cold water(3.7 L), plus more as needed'),(1,'Hainanese Chicken','¼ cup kosher salt(60 g), divided'),(1,'Hainanese Chicken','2 tablespoons sesame oil'),(1,'Hainanese Chicken','3 lb whole chicken(1.3 kg), giblets removed'),(1,'Hainanese Chicken','4 inch pieces fresh ginger, peeled and cut into ¼-inch (6 mm) slices'),(1,'Hainanese Rice','1 tablespoon fresh ginger, minced'),(1,'Hainanese Rice','1 tablespoon garlic, minced'),(1,'Hainanese Rice','1 tablespoon lime juice'),(1,'Hainanese Rice','2 tablespoons reserved chicken poaching broth'),(1,'Hainanese Rice','2 tablespoons sambal'),(1,'Hainanese Rice','2 tablespoons sriracha'),(1,'Hainanese Rice','2 teaspoons sugar'),(1,'Soy Dipping Sauce','1 bunch fresh cilantro, for serving'),(1,'Soy Dipping Sauce','1 tablespoon light soy sauce'),(1,'Soy Dipping Sauce','1 tablespoon oyster sauce'),(1,'Soy Dipping Sauce','2 cucumbers, thinly sliced, for serving'),(1,'Soy Dipping Sauce','2 tablespoons reserved chicken poaching broth'),(1,'Soy Dipping Sauce','3 tablespoons dark sweet soy sauce'),(1,'Soy Dipping Sauce','reserved fried garlic and ginger'),(2,'Coconut Milk Rice','1 stalk lemongrass'),(2,'Coconut Milk Rice','½ cup coconut cream'),(2,'Coconut Milk Rice','2 pandan leaves'),(2,'Coconut Milk Rice','3 cups jasmine rice'),(2,'Coconut Milk Rice','3 cups water'),(2,'Fried Anchovies and Peanuts','1 cup dried anchovies'),(2,'Fried Anchovies and Peanuts','1 cup dry roasted peanuts'),(2,'Fried Anchovies and Peanuts','2 tsp cooking oil divided'),(2,'Fried Anchovies and Peanuts','Pinch of sugar'),(2,'Garnish','1 small cucumber (washed and thinly sliced)'),(3,'Aromatics','1 Tbsp sambal oelek optional, or any chili sauce of your choice'),(3,'Aromatics','½ tsp Shrimp paste'),(3,'Aromatics','4 shallots thinly sliced'),(3,'Aromatics','5 cloves garlic minced or sliced'),(3,'Aromatics','5 serrano peppers sliced, more or less to your preference'),(3,'Common','150 g leftover cooked chicken meat cut into bite-size pieces'),(3,'Common','3 cups water spinach'),(3,'Common','3 Tbsp oil or as needed'),(3,'Common','500 g cooked rice preferably overnight'),(3,'Common','60 g dried anchovies small to medium size'),(3,'Seasonings','1 tsp chicken powder'),(3,'Seasonings','½ tsp sugar'),(3,'Seasonings','¼ tsp ground white pepper'),(3,'Seasonings','¾ tsp salt or more as needed'),(4,'Common','500 gr mackerel fish gutted, or you can use canned sardines in tomato sauce'),(4,'Common','500 gr thick rice noodles cook according to instruction on the package'),(4,'Seasonings','5 Tbsp sugar or more to taste'),(4,'Seasonings','Salt to taste'),(4,'Serve with','1 bunch fresh mint leaves'),(4,'Serve with','1 ginger flower finely chopped'),(4,'Serve with','1 head lettuce shredded'),(4,'Serve with','1 large cucumber julienned'),(4,'Serve with','1 large purple onion thinly sliced'),(4,'Serve with','1 lime quartered'),(4,'Serve with','100 gr pineapple chunks'),(4,'Serve with','50 gr hae ko (petis udang) + 1 Tbsp hot water'),(4,'Soup base','1 Tbsp shrimp paste'),(4,'Soup base','10 cups water'),(4,'Soup base','3 pieces dried bunga kencong if you use fresh you only need 1 fresh flower'),(4,'Soup base','3 stalks lemongrass cut into half and bruise with heavy object'),(4,'Soup base','5 pieces asam gelugur / dried tamarind peel'),(4,'Soup base','50 gr tamarind paste'),(4,'Spices and herbs to grind into paste','100 gr red chilies fresh or dried (soak in warm water if using dried chilies)'),(4,'Spices and herbs to grind into paste','150 gr shallots or use purple onion'),(4,'Spices and herbs to grind into paste','25 gr galangal skinned'),(4,'Spices and herbs to grind into paste','25 gr garlic'),(5,'Common','200 ml canned coconut cream'),(5,'Common','4 egg yolks from large eggs beaten'),(5,'For pandan flavor kaya','1 tsp pandan essence or use 50 ml of pandan juice extract'),(5,'For pandan flavor kaya','20 gr palm sugar'),(5,'For pandan flavor kaya','80 gr white sugar'),(5,'For regular kaya','3 pandan leaves/screwpine leaves knotted'),(5,'For regular kaya','50 gr palm sugar'),(5,'For regular kaya','50 gr white sugar you can reduce amount of sugar to your taste'),(6,'Common','1 cup of green peas (if frozen, thawed first)'),(6,'Common','1 tsp of turmeric powder'),(6,'Common','¼ cup curry leaves'),(6,'Common','10 shallots (peeled and thinly sliced)'),(6,'Common','2 boneless skinless chicken thighs (cut into 1-inch cubes)'),(6,'Common','2 cloves garlic (peeled and minced)'),(6,'Common','2 large onions (peeled and diced)'),(6,'Common','2 Tbsp margarine or butter'),(6,'Common','3 Tbsp grape seeds oil'),(6,'Common','4 cups cooked jasmine rice (made with 2 cups of jasmine rice + 2 cups of water)'),(6,'Common','4 oz of canned tuna'),(6,'Common','4-5 Bird’s eyes chili (as many or as little as you want) (chopped)'),(6,'Garnish','1 lime (cut into wedges)'),(6,'Garnish','Fried eggs (optional)'),(6,'Garnish','Generous amount of fried-shallot crisp (available at Asian grocery)'),(7,'Chocolate Ganache','1 Tbsp milk'),(7,'Chocolate Ganache','½ cup heavy Cream'),(7,'Chocolate Ganache','4 oz Bittersweet Chocolate Chips Or Chopped Chocolate'),(7,'For Swiss Roll','½ cup sugar'),(7,'For Swiss Roll','½ tsp vanilla extract'),(7,'For Swiss Roll','⅓ cup all-purpose Flour'),(7,'For Swiss Roll','¼ tsp salt'),(7,'For Swiss Roll','4 large Eggs'),(7,'For Swiss Roll','4 Tbsp butter melted'),(7,'For Swiss Roll','butter For Greasing'),(7,'For Swiss Roll','gel food coloring'),(7,'Homemade whipped cream','1 cup heavy Cream'),(7,'Homemade whipped cream','1 tsp vanilla extract'),(7,'Homemade whipped cream','¼ cup sugar'),(8,'Common','1 ½ cups coconut milk'),(8,'Common','1 ¾ cups of all-purpose flour'),(8,'Common','1 cup of Honey Comb cereal plus more for serving'),(8,'Common','1 stick unsalted butter 8 Tbsp, plus more for baking, melted'),(8,'Common','½ tsp baking powder'),(8,'Common','½ tsp salt'),(8,'Common','¼ tsp baking soda'),(8,'Common','3 large eggs'),(8,'Common','Maple syrup for serving'),(8,'Common','Sweetened coconut flakes'),(9,'Common','1/2 C julienned fresh basil leaves'),(9,'Common','1/2 C small-diced red onion (1 small onion)'),(9,'Common','1/2 tsp freshly ground black pepper'),(9,'Common','1/2 tsp kosher salt'),(9,'Common','3 Tbsp cider vinegar'),(9,'Common','3 Tbsp good olive oil'),(9,'Common','5 ears of corn, shucked'),(10,'Aromatics','2 cloves garlic finely chopped'),(10,'Aromatics','2 inch piece of ginger grated'),(10,'Aromatics','5 shallots finely chopped'),(10,'Common','1 Tbsp cooking oil'),(10,'Common','2 cups chopped celery optional'),(10,'Common','2 lbs Swai fillet or sole fillet cut into large chunks'),(10,'Common','4 Roma tomatoes seeded and diced'),(10,'Common','6 cups chicken stock'),(10,'Just before serving the soup','1 stalk green onion finely chopped'),(10,'Just before serving the soup','2 fresh limes optional'),(10,'Just before serving the soup','Cilantro leaves'),(10,'Marinade','1 Tbsp cornstarch'),(10,'Marinade','1 tsp fish sauce'),(10,'Seasonings','2 Tbsp Fish sauce or more to taste'),(10,'Seasonings','2 tsp sugar');
/*!40000 ALTER TABLE `recipeingredient` ENABLE KEYS */;
UNLOCK TABLES;

--
-- Table structure for table `recipeset`
--

DROP TABLE IF EXISTS `recipeset`;
/*!40101 SET @saved_cs_client     = @@character_set_client */;
/*!50503 SET character_set_client = utf8mb4 */;
CREATE TABLE `recipeset` (
  `setid` int NOT NULL,
  `settitle` varchar(200) DEFAULT NULL,
  `recipeid1` varchar(100) DEFAULT NULL,
  `recipeid2` varchar(100) DEFAULT NULL,
  `recipeid3` varchar(100) DEFAULT NULL,
  `recipeid4` varchar(100) DEFAULT NULL,
  `diettype` varchar(100) DEFAULT NULL,
  `healthcategory` varchar(100) DEFAULT NULL,
  `recipesetprice` float DEFAULT NULL,
  PRIMARY KEY (`setid`)
) ENGINE=InnoDB DEFAULT CHARSET=utf8mb4 COLLATE=utf8mb4_0900_ai_ci;
/*!40101 SET character_set_client = @saved_cs_client */;

--
-- Dumping data for table `recipeset`
--

LOCK TABLES `recipeset` WRITE;
/*!40000 ALTER TABLE `recipeset` DISABLE KEYS */;
INSERT INTO `recipeset` VALUES (1,'Hainese Chicken Rice','Hainese Chicken Rice',NULL,NULL,NULL,'Normal Diet','Diabetes',20),(2,'Nasi Lemak','Nasi Lemak',NULL,NULL,NULL,'Normal Diet','Diabetes',10),(3,'Nasi Goreng','Nasi Goreng',NULL,NULL,NULL,'Normal Diet','Diabetes',10),(4,'Penang Assam laksa','Penang Assam laksa',NULL,NULL,NULL,'Normal Diet','Diabetes',20),(5,'Kaya Jam','Kaya Jam',NULL,NULL,NULL,'Normal Diet','Normal',25),(6,'Fried Rice with shallots','Fried Rice with shallots',NULL,NULL,NULL,'Normal Diet','Cholesterol',15),(7,'Swiss roll with chocolate','Swiss roll with chocolate',NULL,NULL,NULL,'Normal Diet','Cholesterol',12),(8,'Belgian waffles','Belgian waffles',NULL,NULL,NULL,'Normal Diet','Cholesterol',12),(9,'Fresh corn salad','Fresh corn salad',NULL,NULL,NULL,'Normal Diet','Heart disease',10),(10,'Asian Ginger Fish Soup','Asian Ginger Fish Soup',NULL,NULL,NULL,'Normal Diet','Diabetes',12),(11,'Super healthy set','Hainese Chicken Rice','Nasi Lemak','Nasi Goreng','Penang Assam laksa','Keto Diet','All',60),(12,'Super value set','Kaya Jam','Fried Rice with shallots','Swiss roll with chocolate','Belgian waffles','Healthy Diet','All',64);
/*!40000 ALTER TABLE `recipeset` ENABLE KEYS */;
UNLOCK TABLES;

--
-- Table structure for table `recipestep`
--

DROP TABLE IF EXISTS `recipestep`;
/*!40101 SET @saved_cs_client     = @@character_set_client */;
/*!50503 SET character_set_client = utf8mb4 */;
CREATE TABLE `recipestep` (
  `recipeid` int NOT NULL,
  `stepno` int NOT NULL,
  `step` varchar(600) NOT NULL,
  PRIMARY KEY (`recipeid`,`stepno`,`step`)
) ENGINE=InnoDB DEFAULT CHARSET=utf8mb4 COLLATE=utf8mb4_0900_ai_ci;
/*!40101 SET character_set_client = @saved_cs_client */;

--
-- Dumping data for table `recipestep`
--

LOCK TABLES `recipestep` WRITE;
/*!40000 ALTER TABLE `recipestep` DISABLE KEYS */;
INSERT INTO `recipestep` VALUES (1,1,'To clean the chicken, rub all over with a handful of kosher salt, getting rid of any loose skin. Rinse the chicken well inside and out. Pat dry with paper towels.'),(1,2,'Remove any excess fat from the chicken and set aside for later.'),(1,3,'Season the chicken generously with salt. Stuff the chicken cavity with the ginger slices and scallions.'),(1,4,'Place the chicken in a large stock pot, cover with cold water by 1 inch (2 cm), and season with salt to taste.'),(1,5,'Bring to a boil over high heat, then immediately reduce the heat to low to maintain a simmer. Cover and cook for about 30 minutes, or until the internal temperature of the chicken reaches 165°F (75°C). Remove the pot from the heat.'),(1,6,'Remove the chicken from the pot, reserving the poaching liquid for later, and transfer to an ice bath for 5 minutes to stop the cooking process and to keep the chicken skin springy. Discard the ginger and green onion.'),(1,7,'After it’s cooled, pat the chicken dry with paper towels and rub all over with sesame oil. This will help prevent the chicken from drying out.'),(1,8,'In a large wok or skillet, heat ¼ cup (60 ml) of sesame oil over medium-high heat. Add 2 tablespoons of reserved chopped chicken fat, the garlic, ginger, and salt, and fry until aromatic, about 10 minutes.'),(1,9,'Reserve ¼ of the fried garlic mixture, then add the rice to the remaining fried garlic and stir to coat. Cook for 3 minutes.'),(1,10,'Transfer the rice to a rice cooker and add 2 cups (480 ml) of reserved poaching broth. Steam the rice for 60 minutes, or until tender.'),(1,11,'While the rice is cooking, carve the chicken for serving.'),(1,12,'Make the chili sauce: combine the sambal, Sriracha, sugar, garlic, ginger, lime juice, and chicken broth in a small bowl and stir to incorporate.'),(1,13,'Make the ginger garlic sauce: in a small bowl, combine the ginger, garlic, salt, peanut oil, and rice vinegar, and stir to incorporate.'),(1,14,'Make the soy sauce: in a small bowl, combine the reserved fried garlic and ginger with the oyster sauce, dark soy sauce, light soy sauce, and chicken broth, and stir to incorporate.'),(1,15,'Serve the sliced chicken with the rice, dipping sauces, sliced cucumbers, and fresh cilantro.'),(2,1,'If you have a rice cooker, life couldn’t be any easier, just put everything in the rice cooker and press the cook button. Wait 10 minutes before opening the lid to fluff the rice'),(2,2,'If you don’t own one, use a heavy-bottom pot. Bring the water, coconut milk, pandan leaves, and lemongrass to a boil and then add the rice. Bring it back to a gentle simmer and then close the lid. Cook for 5 minutes and then give it a stir to prevent coconut milk from catching. Close the lid back and cook for another 5 minutes. Turn off the heat. Wait 10 minutes before opening the lid to fluff the rice'),(2,3,'Preheat a medium-size pan with 1 tsp cooking oil. Add anchovies and pan fry until crispy. Add a small pinch of salt and sugar and dish out. In the same pan, add another 1 tsp of oil. Add the peanuts and cook until the peanuts are lightly brown. Add a pinch of sugar and salt. Turn off the heat and give it a good stir to mix everything. Remove from the heat'),(2,4,'Portion the rice on the plate. Place the sambal, dried anchovies and peanuts, and few slices of cucumber on the side of the plate. Ready to go'),(3,1,'Preheat 3 Tbsp of oil in a large pan over medium heat. Add the dried anchovies and pan fry until they are golden brown and crisp. Remove from the oil to an absorbent paper towel'),(3,2,'To the same oil, add shrimp paste and stir fry until fragrant, about a minute or so. Add garlic, shallots, pepper slices, and sambal oelek (if using). Stir fry for another 3 minutes. Add the water spinach and stir fry for about 30 seconds. Add the rice and seasonings. Stir to combine'),(3,3,'Add the cooked chicken meat and stir to combine everything. Make sure the rice is coated evenly with seasonings and mixed well with other ingredients.'),(3,4,'Have a taste and adjust by adding more salt, pepper, salt, etc.'),(3,5,'Garnish with some crispy fried shallots (bawang goreng). Serve immediately'),(4,1,'Ground all the spices and herbs. Add a bit of water to help it going'),(4,2,'Bring 10 cups of water to boil and boil the mackerel fish for 10 minutes. Once cool enough to handle, flake the fish meat and set aside, save the bones and head. If you are using canned mackerel, they are already cooked and you can skip this step'),(4,3,'Add the ground spices and herbs, fish bones, and the rest of the ingredients for soup base. Bring it to a boil and then lower the heat, cover the pot with a lid and let it simmer for 30 minutes. Turn off the heat and then strain the stock and discard all the solids'),(4,4,'Stir the flaked fish back into the soup. Season the soup base with seasonings and adjust to your taste. The soup should be sour, sweet, lightly spicy, and with just hint of savory. Add more sugar as needed'),(5,1,'Make sure you separate the egg yolks from the white very carefully. Leaving as little trace of egg whites as possible when separating. If there is a trace of egg whites, you can run the egg yolks through the sieve. This is to ensure you dont get any lumps in the kaya.'),(5,2,'Place coconut cream, sugars, pandan leaves (for regular kaya), pandan extract or pandan juice (for pandan kaya) in a saucepan'),(5,3,'Cook over medium heat and just cook until the sugar melted. It shouldn\'t be boiling, just heated to warm'),(5,4,'With one hand still beating the egg yolks, the other hand holding the saucepan with coconut cream, add 1/4 of the coconut cream mixture'),(5,5,'Continue doing so several times'),(5,6,'Then you can pour the egg mixture back to the saucepan'),(5,7,'Stir to mix everything and then place this on the stove over low-medium heat'),(5,8,'Continue to stir over low-medium heat. The mixture started to thicken for me at around 8 minutes mark and continue to stir'),(5,9,'At around 10 minutes mark, the kaya should coat the back of the spatula thickly but still has that spreadable consistency. The kaya will continue to thicken once it cools down completely. So don\'t cook it until it\'s too thick. Discard the pandan leaves. If you use pandan juice instead of extract, you may need to cook just a bit longer to get to this consistency. Remove from the heat'),(6,1,'Cook your rice with rice cooker or if you don’t have one, put a washed rice in a saucepan and add the water. Bring to the boil and simmer uncovered until all liquid has been absorbed and the rice is cooked through and fluffy. Set aside to cool down completely. It’s best you do this overnight'),(6,2,'Preheat a wok or large pan. Add in the oil. Add shallots cook until it starts to change in color and turn translucent, about 2-3 minutes'),(6,3,'Add in chopped chili, curry leaves, and turmeric powder and continue to saute until fragrant.'),(6,4,'Add in the rice and stir to mix everything. The rice will start to turn yellow too. Add in the green peas and canned tuna. Continue to cook and stir on high heat. Turn off the heat and sprinkle on generous amount of fried shallot crisp and serve immediately with fried egg on each serving if you want to. Squeeze on some lime for a little surprise (good surprise)'),(7,1,'To make the filling, combine the heavy cream, sugar, and vanilla extract in a large bowl, and whip with a mixer to stiff peaks, about 5 minutes on medium speed. Cover and chill in the refrigerator. Can be prepared one day ahead'),(7,2,'Preheat the oven to 425ºF. Place a piece of parchment paper on a 17x12 sheet pan, and rub butter on it to grease'),(7,3,'In a large mixing bowl, combine flour and salt, set aside. In another mixing bowl, crack in eggs, sugar, and red food coloring (the amount depends on how pink you want it) You can always add a bit more if it\'s too pale while beating it. Beat them with a mixer (I used stand mixer) on medium speed for 2 minutes then switch to high speed on 3 minutes or until the color turns pale, light, and airy and reach a ribbon stage. That means when you drag and drizzle a spoonful of the liquid, it will maintain its shape for a good 5–10 seconds before settling back into the liquid. Mix in the melted butter'),(7,4,'Add the flour mixture into the egg by gently folding them in with a spatula. Spread the batter on the sheet pan. Bake the cake for 5–6 minutes, until springy to the touch.'),(7,5,'Place a piece of parchment paper on a flat surface and sprinkle lightly with some powdered sugar. Flip the cake onto the parchment, then gently peel the parchment paper from the cake. Gently roll the cake up into a log while it’s still warm'),(7,6,'Let it cool down completely before spreading the filling'),(7,7,'Spread the cream all over, leave a 1-inch border around all edges'),(7,8,'Roll the cake up gently (leaving the parchment paper behind)'),(7,9,'Cut off both ends of the swiss roll (you can eat them)'),(7,10,'Place on wire rack'),(7,11,'Fill up a saucepan with some water, bring to a boil Place the bittersweet chocolate on a heat-proof bowl (large enough to sit on top of the saucepan) and set on top of a saucepan without touching the water. Once the water comes to boil, lower the heat and let the chocolate melts. Give it a stir every now and then'),(8,1,'Whisk together eggs, melted butter, and coconut milk until combined. Set aside. In another mixing bowl, add in flour, baking powder, baking soda, salt and stir to combine. Graually add in flour and stir until just combined. Please do not overmix the batter. Some lump in the batter is normal. Set aside for about 20 minutes.'),(8,2,'Meanwhile, place Honey Comb cereal in a plastic bag, push the air out and seal. Use a rolling pin and lightly crushed them. They don\'t have to be fine. In fact you can leave them whole too if you prefer.'),(8,3,'Preheat your waffle iron. Stir in Honey Comb cereal into the batter just before baking. Spray with non-stick spray or brush with some melted butter. When the waffle iron is ready, fill the waffle iron with the batter and cook according to instruction on your waffle maker. The waffle should be crisp and golden brown. Remove and continue cooking until the batter is finished.'),(8,4,'Serve with sweetened coconut flakes, Honey Comb cereal and drizzle of maple syrup on top. Super NOM!'),(9,1,'1. In a large pot of boiling salted water, cook the corn for 3 minutes until the starchiness is just gone. Drain and immerse it in ice water to stop the cooking and to set the color. When the corn is cool, cut the kernels off the cob, cutting close to the cob'),(9,2,'2. Toss the kernels in a large bowl with the red onions, vinegar, olive oil, salt, and pepper. Just before serving, toss in the fresh basil. Taste for seasonings and serve cold or at room temperature'),(10,1,'Place the fish fillet in a large mixing bowl. Add cornstarch and fish sauce and use a clean hand to toss the fish to let the cornstarch and fish sauce coat the fillet pieces. Set aside while you prepare the other things'),(10,2,'Preheat a large heavy-bottom pot with some oil. Add the chopped ginger, garlic, shallots and saute over medium heat for about 2-3 minutes. Add chicken stock and bring to a boil. Add celery if using (I didn\'t use in the video).Then lower the heat and let it simmer for about 15 minutes until the celery are soft. You can prepare ahead up to this point'),(10,3,'When ready to serve the fish soup, bring the soup back to a gentle simmer and add the tomatoes, and the fish fillet. The fish is easily flaked if it\'s cooked through, if not, let it cook a bit longer. Do not overcook the fish. Have a taste and add more fish sauce to your taste if needed. Remove from the heat'),(10,4,'Ladle soup into serving bowl (family style) or individual serving bowl, and garnish with cilantro and green onion just before serving and a squeeze of lime juice if you like');
/*!40000 ALTER TABLE `recipestep` ENABLE KEYS */;
UNLOCK TABLES;

--
-- Table structure for table `review`
--

DROP TABLE IF EXISTS `review`;
/*!40101 SET @saved_cs_client     = @@character_set_client */;
/*!50503 SET character_set_client = utf8mb4 */;
CREATE TABLE `review` (
  `idreview` int NOT NULL AUTO_INCREMENT,
  `reviewstar` float DEFAULT NULL,
  `reviewtitle` varchar(200) DEFAULT NULL,
  `reviewbody` varchar(1000) DEFAULT NULL,
  `uid` int DEFAULT NULL,
  PRIMARY KEY (`idreview`)
) ENGINE=InnoDB AUTO_INCREMENT=8 DEFAULT CHARSET=utf8mb4 COLLATE=utf8mb4_0900_ai_ci;
/*!40101 SET character_set_client = @saved_cs_client */;

--
-- Dumping data for table `review`
--

LOCK TABLES `review` WRITE;
/*!40000 ALTER TABLE `review` DISABLE KEYS */;
INSERT INTO `review` VALUES (1,4,'The recipe is fantastic','I love the recipe in this website. It is marvelous.',69),(2,5,'Health tips is fabulous','The Health tips section allows me to lose weight a lot of weight.',69),(3,3,'UI is good','The UI of the website is fantastic! Loving it.',69),(7,3,'Feedback for CareCalories','The app is easy to use, however it would be better if there are more functions',70);
/*!40000 ALTER TABLE `review` ENABLE KEYS */;
UNLOCK TABLES;

--
-- Table structure for table `transaction`
--

DROP TABLE IF EXISTS `transaction`;
/*!40101 SET @saved_cs_client     = @@character_set_client */;
/*!50503 SET character_set_client = utf8mb4 */;
CREATE TABLE `transaction` (
  `transid` int NOT NULL AUTO_INCREMENT,
  `uid` int DEFAULT NULL,
  `transitemid` int DEFAULT NULL,
  `transitemname` varchar(200) DEFAULT NULL,
  `transitemprice` float DEFAULT NULL,
  `transqty` int DEFAULT NULL,
  `transdate` datetime DEFAULT NULL,
  `transitemvendor` varchar(200) DEFAULT NULL,
  `transstatus` varchar(100) DEFAULT NULL,
  `payment` varchar(45) DEFAULT NULL,
  `transcategory` varchar(100) DEFAULT NULL,
  PRIMARY KEY (`transid`)
) ENGINE=InnoDB AUTO_INCREMENT=64 DEFAULT CHARSET=utf8mb4 COLLATE=utf8mb4_0900_ai_ci;
/*!40101 SET character_set_client = @saved_cs_client */;

--
-- Dumping data for table `transaction`
--

LOCK TABLES `transaction` WRITE;
/*!40000 ALTER TABLE `transaction` DISABLE KEYS */;
INSERT INTO `transaction` VALUES (59,71,5,'Kaya Jam',25,1,'2023-11-10 00:20:54','Care Calories','Paid','Counter','Recipe'),(60,71,11,'Super healthy set',60,1,'2023-11-10 00:22:18','Care Calories','Paid','Counter','Recipe'),(61,71,1,'Hamburger',19.99,1,'2023-11-13 21:40:51','Clementi Mall','Ongoing','Counter','Food'),(62,72,52,'Spicy Chicken Rice',8,20,'2023-11-16 04:13:29','KFC','Paid','Credit Card','Food'),(63,72,54,'Sweet and Sour Chicken',12,12,'2023-11-16 04:14:17','KFC','Paid','Credit Card','Food');
/*!40000 ALTER TABLE `transaction` ENABLE KEYS */;
UNLOCK TABLES;

--
-- Table structure for table `user`
--

DROP TABLE IF EXISTS `user`;
/*!40101 SET @saved_cs_client     = @@character_set_client */;
/*!50503 SET character_set_client = utf8mb4 */;
CREATE TABLE `user` (
  `id` int NOT NULL AUTO_INCREMENT,
  `email` varchar(255) NOT NULL,
  `name` varchar(255) NOT NULL,
  `password` varchar(255) NOT NULL,
  `gender` varchar(20) DEFAULT NULL,
  `accountType` varchar(45) NOT NULL,
  `country` varchar(45) DEFAULT NULL,
  `height` int DEFAULT NULL,
  `weight` float DEFAULT NULL,
  `lifestyle` varchar(45) DEFAULT NULL,
  `conditions` varchar(45) DEFAULT NULL,
  `dob` date DEFAULT NULL,
  `bmi` float DEFAULT NULL,
  `premium` varchar(45) DEFAULT NULL,
  `loyaltypoint` int DEFAULT NULL,
  `age` int DEFAULT NULL,
  `calorielimit` int DEFAULT NULL,
  PRIMARY KEY (`id`,`email`)
) ENGINE=InnoDB AUTO_INCREMENT=73 DEFAULT CHARSET=utf8mb4 COLLATE=utf8mb4_0900_ai_ci;
/*!40101 SET character_set_client = @saved_cs_client */;

--
-- Dumping data for table `user`
--

LOCK TABLES `user` WRITE;
/*!40000 ALTER TABLE `user` DISABLE KEYS */;
INSERT INTO `user` VALUES (2,'KarenLoh@gmail.com','Karen Loh','test456','Female','system admin','Singapore',180,70.7,'Not Active','Diabetes','1997-01-28',21.8209,'premium',2000,18,2000),(56,'KFC@gmail.com','KFC','KFCisGood!!123',NULL,'vendor',NULL,NULL,NULL,NULL,NULL,NULL,NULL,NULL,NULL,NULL,NULL),(57,'WolfBurger@gmail.com','Wolf Burger','Wolf Burger',NULL,'vendor',NULL,NULL,NULL,NULL,NULL,NULL,NULL,NULL,NULL,NULL,NULL),(58,'UmiNami@gmail.com','Umi Nami','Umi Nami',NULL,'vendor',NULL,NULL,NULL,NULL,NULL,NULL,NULL,NULL,NULL,NULL,NULL),(59,'ChirashiKK@gmail.com','Chirashi King Kong','Chirashi King Kong',NULL,'vendor',NULL,NULL,NULL,NULL,NULL,NULL,NULL,NULL,NULL,NULL,NULL),(60,'Burgs@gmail.com','Project Burgs','Project Burgs',NULL,'vendor',NULL,NULL,NULL,NULL,NULL,NULL,NULL,NULL,NULL,NULL,NULL),(61,'WildFire@gmail.com','WildFire Burger','WildFire',NULL,'vendor',NULL,NULL,NULL,NULL,NULL,NULL,NULL,NULL,NULL,NULL,NULL),(62,'BurntEnds@gmail.com','Burnt Ends','BurntEnds',NULL,'vendor',NULL,NULL,NULL,NULL,NULL,NULL,NULL,NULL,NULL,NULL,NULL),(68,'DonDon@gmail.com','Don Don Donki','DonDon@123!!!',NULL,'vendor',NULL,NULL,NULL,NULL,NULL,NULL,NULL,NULL,NULL,NULL,NULL),(69,'Karen99@gmail.com','Karen99','test456@123','Male','user','Malaysia',165,50,'Not Active','Asthma','2005-02-15',18.3655,'basic',750,18,2500),(70,'Karen123@gmail.com','Karen123','P@ssword123','Male','user','Malaysia',160,50,'Active(1-2 times a week)','Asthma','2006-07-12',19.5312,'basic',500,17,2500),(71,'KarenAwesome@gmail.com','KarenAwesome','P@ssword@123','Female','user','Singapore',170,65,'Active(1-2 times a week)','Normal','2000-11-03',22.4914,'basic',1025,23,2000),(72,'Karen2@gmail.com','Karen2','P@ssw0rd@123','Female','user','Singapore',170,60,'Not Active(0-1 times a week)','Normal','2003-07-13',20.76,'basic',1000,20,2000);
/*!40000 ALTER TABLE `user` ENABLE KEYS */;
UNLOCK TABLES;

--
-- Table structure for table `userprofile`
--

DROP TABLE IF EXISTS `userprofile`;
/*!40101 SET @saved_cs_client     = @@character_set_client */;
/*!50503 SET character_set_client = utf8mb4 */;
CREATE TABLE `userprofile` (
  `iduserprofile` int NOT NULL,
  `iduser` int NOT NULL,
  `name` varchar(45) NOT NULL,
  `dob` date NOT NULL,
  `height` float NOT NULL,
  `weight` float NOT NULL,
  `conditions` varchar(45) NOT NULL,
  `lifestyle` varchar(45) NOT NULL,
  `gender` varchar(45) NOT NULL,
  `bmi` float NOT NULL,
  `age` int NOT NULL,
  PRIMARY KEY (`iduserprofile`,`iduser`)
) ENGINE=InnoDB DEFAULT CHARSET=utf8mb4 COLLATE=utf8mb4_0900_ai_ci;
/*!40101 SET character_set_client = @saved_cs_client */;

--
-- Dumping data for table `userprofile`
--

LOCK TABLES `userprofile` WRITE;
/*!40000 ALTER TABLE `userprofile` DISABLE KEYS */;
INSERT INTO `userprofile` VALUES (1,71,'KarenAwesome','2000-11-03',170,60,'Normal','Not Active(0-1 times a week)','Female',20.76,23),(1,72,'Karen2','2003-07-13',170,60,'Normal','Not Active(0-1 times a week)','Female',20.76,20),(2,71,'Goh','2017-06-16',150,50,'Normal','Active(1-2 times a week','Male',22.22,6),(3,71,'Tan','2011-06-16',170,60,'Normal','Active(1-2 times a week','Male',20.76,12),(4,71,'yan','2006-07-19',170,50,'Normal','Active(1-2 times a week','Male',17.3,17),(5,71,'KarenA','2012-06-16',160,50,'Normal','Active(1-2 times a week','Male',19.53,11);
/*!40000 ALTER TABLE `userprofile` ENABLE KEYS */;
UNLOCK TABLES;

--
-- Table structure for table `vendor`
--

DROP TABLE IF EXISTS `vendor`;
/*!40101 SET @saved_cs_client     = @@character_set_client */;
/*!50503 SET character_set_client = utf8mb4 */;
CREATE TABLE `vendor` (
  `idvendor` int NOT NULL AUTO_INCREMENT,
  `vendorname` varchar(100) DEFAULT NULL,
  `vendoremail` varchar(300) DEFAULT NULL,
  `vendorpassword` varchar(300) DEFAULT NULL,
  `vendoraddress` varchar(1000) DEFAULT NULL,
  `vendorspecialty` varchar(200) DEFAULT NULL,
  `vendorimg` longtext,
  PRIMARY KEY (`idvendor`)
) ENGINE=InnoDB AUTO_INCREMENT=58 DEFAULT CHARSET=utf8mb4 COLLATE=utf8mb4_0900_ai_ci;
/*!40101 SET character_set_client = @saved_cs_client */;

--
-- Dumping data for table `vendor`
--

LOCK TABLES `vendor` WRITE;
/*!40000 ALTER TABLE `vendor` DISABLE KEYS */;
INSERT INTO `vendor` VALUES (1,'Burnt Ends','BurntEnds@gmail.com','BurntEnds','7 Dempsey Rd, #01-02, Singapore 249671','Bar & Grill','https://www.shutterstock.com/shutterstock/photos/2287821617/display_1500/stock-vector-burnt-ends-label-or-stamp-on-white-background-vector-illustration-2287821617.jpg'),(2,'WildFire Burger','WildFire@gmail.com','WildFire','80 Bencoolen St, #01-15 NAFA Campus, Singapore 189655','Hamburger','https://images.squarespace-cdn.com/content/v1/5ec69a21d1b2b336d94836d5/fa86e719-4d29-4805-ace8-d13b33fc6cb9/Wildfire+Burgers+Logo.png'),(3,'Project Burgs','Burgs@gmail.com','Project Burgs','313@somerset, 313 Orchard Road, #05-01/02/03, Stall 25','Hamburger','https://eatbook.sg/wp-content/uploads/2021/07/lotus-biscoff-icecream-min.jpg'),(4,'Chirashi King Kong','ChirashiKK@gmail.com','Chirashi King Kong','9 Raffles Boulevard, #02-17, Millenia Walk, Singapore 039596','Japanese Cuisine','https://encrypted-tbn0.gstatic.com/images?q=tbn:ANd9GcRJPU-2hunCnEf_GIaqFS0Wd1bAqQh9ppT9_Q&usqp=CAU'),(5,'Umi Nami','UmiNami@gmail.com','Umi Nami','8 Lor Mambong, Singapore 277674','Japanese Cuisine','https://encrypted-tbn0.gstatic.com/images?q=tbn:ANd9GcSCAup--CvakZWB9SDJrGGBuFNrA5ZhqGUfdg&usqp=CAU'),(6,'Wolf Burger','WolfBurger@gmail.com','Wolf Burger','63 Hillview Avenue','Hamburger','data:image/png;base64,iVBORw0KGgoAAAANSUhEUgAAANUAAADtCAMAAAAft8BxAAAAllBMVEXeAAb////dAAbdAAXdAADcAADbAADeAAf/6efpZWXytbXgAADjAAD/8/P/7ez+2djzu7vocXL/+fj/5OPsj47lRED0o6L+397tcW/2rKrupaTlXV32zs/80tDlWVj1np3xsK/kGRX4ycjyjYzeHRznU1L4xMPjSUrufHrtgYDjNzbrc3LlRkXjMC/iKyviJCTlOzrujowYAzXSAAAgAElEQVR4nMVdCVvbSq8ezwrkQPgCZWnLvhco9P//uTvaNSFtoYVeP+c0JHHs0Uh69Uoj22H6V9vG0+k/O1f4R+c5/15zfbr+R2f7N1LtXNUcQsz1Zv+fnO9fSLV5DzJ1qVrL9WDzH5zxH0i1m0GmVHItKYRSfnz8KT9cqtNZyTGkXO4W8+eaU0xl9uGw8cFSAUh0ReX6ZQvebrfS3+by0bDxoVIhSMQOEs9H8tFeLijlx8LGB0rFIJFL24a3i9tTegFJw8fCxsdJtVtKAHTIe/j2pJT6HVW29qV2Twul7n7YuT9KKgCJLhSABL8tYHhXa/Du6Bnkyh8HGx8j1fkjm9kxSvH1EaTo+um4fouGt9GF7jLXp/MPOf9HSLXWQSKBZr6hxe0co4gB5UqlnOBOJwwbVzsfMIL3l2qT4aDkDXgL6BAjSJSAXzT74o5B//79YePdpTqpBdRSMqukFJQGCBPKFUGQ71/huzVQYutW+e6w8c5SESr0cd8iSID7gH7QpxrZILAnhY1voMj3ZxvvKtXRdxjkCBKxgf2BkmJLoROmiDrrcitsAJn//q6w8Y5SrV2xo3xD++Lsg4wORaG/Qcz+mtRGc0nvDRvvJhWCRJ/1MtuQt4m8ibeGf7nPOggqnuBsvB/beC+pABWAMJQBJJLgRBwEjCyiYj/yxXeEjfeRaiMXmm52lohvVwgEESsqaCR1QYAN0F5+H9h4D6mOHtmEGNjgbVKPYllEDno1vRXmVASX7wQbfy8VgESD8TzieCAINYYHUk8kMaICO0lKO7QQHGxAkH4P2PhbqdDVmzJVJgzRuRBDYP+vyQfybYJaBuYqijAo11+zjb+UilHBgYTYF7G+gNEqchyG9+BWHLY6vLOII2woV/z/kWqjjCCBrhGcJmRLjY1O0E8IR5S/FTYe3wM2/kKqI8wv1BEYM7oeQE8xMkgwV4qMfIn9K1oAQ93BcTQV+2vY+GOplEkYSESa/UQsVrSTRmAPqq3AES2JVgdGHP8GNv5QqsUd1MNiYSYBb1mQAtTPACEKU1f8MBxBuguulTN9LbCxuC/EU27/EDb+TCoCCZ8BJlZE3YM/VR0Ae13IRGLFQWfqWvnLeuaQ1mFjDkckEvnHsPEnUgF1QEJ6j46w3d/ClMPg89V0WL1a0KFSiCIQv8Zooue82KpkrOheXxA2zhk2/ihJebtURG4UJOaQIjUxsNo/Wy9OH/RnIuxTutEaQQq6Ye2gflf0J0lhI1MF59vRrwf0DlIRKiQBia1jAj7E7s5P7+HDS8ENNLpEeJdQE45csK+1Cka2gFp8kqAm1bZdqG1EAf0Pk4pQoQddYRJQHrOiRLelLve0U4pGYZWLREmhmWTkVDfTdD1NnwvHAdw5lzOsjFKhNHXYWHycVIQKSTKGPXgrSoH/0bePj6bTagaIkJCIDCKV4MSYfwITsQ6HO8shusCd6zPBxg2xjfwm2HiDVNuNjY9o2vYZM4lGUNcJXIJp/9bHeVB8iGoxONEN5uGnFebgftqarit/RzykRYWN78w2Nj5AKqi3Uh2FQOJZi3yR89tYt6fd/SmXK3CtATCS+1tkxf+6U62V/DBtbE0POWrGIuxQYSO/DTZeKRXUxoPxmK11JEseq/uXz9OiLhYVhrojNQuVSWyO6DvPQw8E01PuOp6vT/vVa5L+L4Vho76tJPoqqRAVoks3SpZzO1Cr8+l2BoMjs4qcZzgFJU2NExpuJmMNMBc7032JYyGg2YKKrK/U18HGa6SiNaeOtwISWRwj6nD71+tdQw/TdgczGq3ZnxSW1PZIcanPAwALRLnZw7RZsnibeWDybCOFV8LG76Wi9cGwBBJqLTLYXLamqx6v9gAoyLJU7hY4kYqa2idyqp3OUnp8up6e6/W0W0xTDlpyXceFyvMnZhu/h43fSYWoYD0Fc1yjcZ6hgygX03nt0I4sIREKsL0lz5YIEeBPQ5Xyuav2cppmOapIwh1h11IvBDbSq2Dj11JtMUiUJwUJOa2GFhpqztP0PZft6SqjBVWKWj7F9y4WyEzXMQK0cgdreJ+njSo2a8LRTwU2fsB6efgt2/iVVFiEQFvWmkTiAkSSyCo6K6ed1oa6D9EUyXcf830ZBhkorvEP2KmA/cZy3NPqXBbTY9bkLCb+XWIDP8MVcoCNZlzx7VIRSCQDCWf27NBJYlV+mqYOInVzqqzIcgOuhTmklZsCD7Xvgk5FAsKvj0rsGjuqzgRFYwwfuX5C2Ni/QYMRrvg2qQAVoq1KX19iQYx5NsR+ouGssXo+/Sg9++swKIOpu+JawpLMy6I5FeokTz0XSR1vvigSuXBI9Y6wDBs1bL9RqvknTNgVJD5RVOXaHg8RolGCzDd1zNuErOFxOi+NikiYYWzUFJjPRn2FI7BTcVAIdWvqxp2/TGs18A/IEPV8BDnZYAMWll3HwyukYlSQZVtmEtG4p849CNow4KzDgs36dIjldoRwdi3m5sFgvr92pzqsepxQvnaoiQAxnGhJBIhOaYH8QdgGd6eshI0VUi0uKjUezQ7x/Z3qSf0isKaQJMSY76Y5aCX/mC6KeFEPQw+Ai4rkOrbGnMpCU8casL2ua0y0lrYoMB89bBywXKtg46VUiApAj6iL6jO9ZUuIyQaHb5Bgd1D+H3rwKapM9yDXGuMP7n+sqSXNS09tLkBJXVn/ccbGq8h0lk5NjPZ62IimvV9JxdRBQcIzCbLtGEfpIEn6PN0CtJRz0I3SUzQpiEFJShSJSkqz7lTZAkM/AJhuFKmopIamoWGuRVlLQRY1so2zZdgYpSJUCANIuBIsixVELklyUaqA7iUcMdLpZ+xaON2SkHCkkr06JuRvPb+iWfjPkX1RLvzXdK0yNUhcL3DAmKRE4YorpUKQAA1fXutbR6Fl0pyHJPKZIlJNm5L7sRtA/v5US+3/lb7RP+hUzRwUtAchAWHzP470OCsckWk2mo4lwgp5n0rYLgoSz3q8tVKqxUXhqEsg8cOnSLq9/KArjXWVL6c50YkkEwAes/V1aZsWZ3k4WIqFwjfrqjktteUTSuVDJn8VbKhUgApACaqChGBUkugxSibGCJSK/KpHrY0SdIaR/pXZCojaucQ0JRl6lzlQLZFKzhGTJNHCJkVG9LwOG+go+w9QvPOwwVIhKkAn37oyCQZU4kY4P9ESdbV3WldDXQHA7wr1o0H1CQQE+u/Sbf/BCe7o+ErjOy2+6TkJScVfCI2J0fZzLID05cdrsIFS7T+zQz2Y7PxjhiMj0c2qEOjBUf0qdl59zzNNNbAy67H/cNqu2W09Xe6iHs2KagF0dTLdFtPVEPOdQO7fRpYiAeiQm9qoMhWMSRQGiQPuKZCDSk+LBq2g2MtIiFK12BO/h8LfYh50ME1rj489PbbxhATA8K0zggMiLDS4covpJkrV5BRavU4xGbTwK+Gqx4FCJVHohQ3TRaWeAgWJIj+z9Xf2IQ27Gq0aykV+BXnITGYa8icoXtbyiaRKHEhRqly7C1znrKfpWLntdOXZmeG8RS8SW9q9PGZHhI0uKyJwJfw/7Jghlf7ES08+XMalVzq5SLVYFPk616vFtHlTUyapZDmLpGo9Im5Om7TwAT/IWsbpyD46LzMm/rl+ZGoLg+ug9gKhIsVqdDr8SVP9p4HCiQfrJ2aBNDKpTZdD6MLoeTFLheEHA82MspUMVctDwCiUovRQJ7qS4Sb2Xo/uUc0wNjcUS5gKhD+c1+9OUp0ThSICCajQChuTRI5tP7FUz9M1UfRUPm1Ni3VakRep+LgoFUjYp3IxbX0qlG9BmSk7tECHtfmDd7aSLGHDS18yWduelI07C0OQKAqiHC3wF2nUu0xZpKUps8CQ72kNoCvqpHO0GU2RWGBi9wapCs5HTwrOYYEPSVmnkN9yErTQsqElc24z0OdiN77NhAxbyG56kgdSnVdeLoxitBqcWgoS633EEFnhagKSCgtM3R6fdqbpVlIylEqrRYEtUOzmtofkJ1Blt9iDTBhIlELDh+VnBPiSSaZBWsyooU61Vp2uNiTfcLvxiwV1ky2xtZMpolSpbEzHOSLuzM9kSTU6v6IDklSRqoTlrMcXyOc6W93NS9xi6EVRsQQ72PzBGxJ/CIWutcpeyFJhISIuHdN/8nLjs5Cu+pDOuhkc0TCJjQTBQDaApmjBSsjA0HpI7tn9aYmCFkl4V/ADMRNxlfCIi+tcAECp+GcklS2jGZy79TR8bUo2cK/Ge7NUW1Ou9xB4qzuGQws6OEoVk6JzeewGe18vp6PquYWVOc0CU3LsyYWcxGMXqUZdsR9FPxv0kSxreO/Cg6JKQKqScj/iNYAQNZMwTKJUIj5MqlogDQh6oDAkQ5mJ/Cq6vem0ZkU/sRoaUvFSFdIV64nqYwIKIodhOikbQrSgI+kqf592emR9WFoDIrRoSSaZkZ0dHtucUn3oP9ycskRhOizWUpt2RcU4VuAs0wtcGommqx4XSVeN8jOZIToY9QvQfBneaF2V7RTzKyhGQAmWISRxrwFjYBDgIV2xOljnHZWhOtyKRmGZSFry09ze3MkG5Sk8SiVEgP2KK7LREUsaTRxwNFIdEM2PfgG6qg898B5zOcqgmNDCTasiu32EoPGlh+QHzy0G8wphrG+peM15nugqOrRwUqieaYZS40Sr2UmGU3ap1k/AN4pYJYe7pmiBQ0rRpIoULRoTn4RkePcca0xs4woNGmeaO6n+xX0qIXi0SOJXssKrkMrg7OoxPCfIXlpUStOl2gQcy+jXTeyKWslQKh4bxBaLwghLcnC4kBPSZslEhBR5okTK0WxyQHuM+GyBWBMZo3ASPhKjCagz5OKE/Y1ecVGKo5EaxB2yL/lVcNEIF+nvgGI/gwWyvOw7Qacq+FmOwwugpFigMqaN4qoIKkLS6MdBVKyATLWxeHUOjSCL3VyyP5nDQIl83bpYKh9SUabdrqntDUyJRVV+lzgc1Tmv+8csEBa5xK+U8Tu0cdl9ctPk0ATSiEX9BiWDE+oAZ0Mmp1VuwSGB45VTNcgEq73b33r2fFh4/uKAu6gOxGPqLXLCSKEwJdNVEF0xnNiB2JKIAnqttyjoR67XI9VRT28vwQ4Pi8jFZzYeSFkoSpWSkyuXCGT7tCd3/UjzSvzepSFNXUHcKXgVNM1IHVrEwa+a2laS5kWfKeokqRlAEIYUBNC54ejOaPGBEM+yRk4aSCojOzIbM0xj62LC/sJgM2kBRf9M6tjMb15aYIjKmARNh7zRKVCnCj0sCnPsEEiLpbnO0JK+Y3MdWQr5FfqDt0AaXWf4j2i5eGVP36d76KX4JoOOpAu+NC4rQaZQx24FfsgCowENTVbT/VVFCYPJ2HUKTJsWdFpkr79+Vt6EUjkDcn7V9fS8hDKYZjn7iBJjuLuBfmegoTNPPmycPRq3kB05BU0e2u0iCHU0inAplcVUdb8+wosevI5uKq1cK1rwdVjGLXK96lnL5h16IqdjVEHD4zZVl9m8sVEmdxJASHMrpBLJWxoLOPhiJ9EuHgXn3MDFTfRcKhT258fUfMQZvoyG2C3o6RgLklAsaTpl+dv0VUzI2YsNR2zOVyylWX7MRIpIFQUAJGXx4qnKoxZDyDr6pJwWWQknO7ybrvenaR/qpSYVgRGhRScSPava+XIyXZWoCRLU9nBZBeJwZNdNZDsO46OuIASNAqR9kooMTPwqaPIhCY0FBaXNSUxeiybQEKNNLbhfl+qkrne51u5LYbRQ/AKpyv1aF/pLrYfQdWJ2xpXS5k+osrB/U5HIiZm4uBa9XyXVFfbGunVmEYpr0oqqfGkiZ3KpnE+fMmMs+9YdtHDVq25iW3dP0wYuW8mWp31oU59fdQPt4HBV1HQRTzdwhZjyBJzjZGYi5uaSUPeNWiDh5cCYtC3AAEItcsixaDIbthUgkodA7B4XR/YwgD2cd4ib5ncXsO3+wBdYJZnOH+jqONSVaqPThtLVnDXoppDMbRStCIiRCfCnSbr9V6OFyhMEz6NGuyZYEjRqYZBQUFMCzVJBXfpx1Z0srvmSEpJKjRd/egOl0iDxzTgKnjzaGFuj/NcsZHV+pbFqtGUiSO59UAXiYfOxA1A6JUnFNaTnjhr39/e393e3+HIL9IqPoRYoBgBGtFWd/ctRvegSwmwoMiWW4Vsu7LhedJMUuAanaWeQWcIfYFeBcfCcS6m304lc0t3PtA9+1eMY+RWu/DC1q3sd2ft32bCpruGKuUBDszO6IrKezWrtkLd4XUVBC5mQxMyJ82cfGtz0RQ4f2D3XIstTvh+cXAPAtULmAz1KJbAtkROfcuk7YVVgfnh3M0PRcJe6LbDYhtOrlcBaFk2pmPwLXSHUC7KL2bIPJZFRi4NmKlIC6fvi5OZay+z4xwbfN2UHS3xkZ0BYJTeBLPKg65G02PnjtEPLxlvne/ePGWSjhpLIBqFTKE1QkUHZdKWQ1qLPRBpjoJSVgmJnkrK26iiGJe3BkdbKw93hEQ1v8+jw9lOXca+T3JwtAkWJen3Uu9TA+YgLjvVy/WSbW593tne/tAfkjVHaoXhadZJZUAhZUa4BldjmonAYMHDQeNTjBLJxLcdIZa3/+GEieRb7GxfHswrz3Q+BJb4bSDnKkdBwccMD7Bfb7WQxFDTcWvPz7edz6phYYL1QYdxbviv5puH7oc4u020VaZZKDKaZfkMMfP1KGjwNmlT6VP84K+wbnDiU3FOMPVgX2KZaBFd+sRErlct9bftC1ETZZp+Awk8TUvjkxzvQONGYp+24h+gKqZFydpUkelkMC9OLT5AMnNT7adG0FJNIbFzs3nkq1LKFyIPrJ9vTAzYs7F8Wp4kISSr0fz7UzelbNtehmq3Lxx2p0J7DF8geBgt0C8pY3uYjybV6unHiANz7aZpuuhtt5ewjC/xVZnNQyC7mlDJP9XyaQcPCLt6qaVieKE+AMds9DAOuYGtv03PpWoKGHZ0Q+t4s8IVfNTcurY4p4iT3Rwo8g+VgWuQ+1qOip5AlQlzGOUcOJOcH8ICGhW9FK++BywE5b3WTvZ82c1bXgQVqP3jP2pokf0oLV+XCQc8SZUYCf2b6Q04rn9DHdQNWKtewOTOM0xjq8xat1RL0QsMjNF9+1rsPGEXIUH+rl90GpRlPdTnibtTCRnCqfpFfCbKHgV6g+M1mM2i4GAeU4KqDu3q2kFKe7IsF/tyTDV7qof0LNixY9ksMFhZGNqadUne6l4Yw6MRGpH9G1tQwkOiicApDhp8U0RUIBZXlG6tEC7h/m6ZHaEe9Kep/qs5c17ujmLMBzxsvY0KnT/ViWsx6Ei1pta/pi7GKCtVJNejQvyIVhRDLGkXXSal60wozEzH2migBKyK6b+Ey42WWWea+cCATpeuAzb9P5388bgIjmbdQvkzTt3o8UXeN2ozZjpm2Gl1TO+QA6rmFokVr0ezXOFF07/Dn3ncoCnWw2KgEhEFGy2IFXIMUY4v5e3dCFNsVOvssP07Tep1ROzg3o9qUNrmAlZIh+lHzK6z0L0tFJ3bxSksSgaiXyqim4KFfxIvUnt5l+1rFIoR1JyCClXWVgIoAZVfrYxTOmx3q65G1gwfsROXhSrFuKVTKQKP87Tj7EIVt7EmWhXQmopsYE5RGCJcSnOWKQOiZI+wkTVs0fugbJspi5aNc9kHXP/qQtM9Xcn5ZbFw+vcjFI4s0OavX8J06Q1DHt+KvHcz9DbPQzW+/5ksAQnU33socLxihT8o9dUZyWYxjw3V3tvxM3e8681HBaThhHF9lv/gTqfxcDJ27wzH8RzIDMKNdIycVmoelEMFLhZgxPfNnrXVy+yMPA8ery3rk7fHhthiXpiv4k52G/7KFpuCQlt6uQgtThoUuXwSxl6UAjT/MZ12gUm4nZugGu0IEERjLCZScBzvq5KQrE5gSXY0P/zVNtXlEXle4LJG465LslAKSxSvVVbIqu7Jk74yBMZ2z7qh5Pq3ORWROmYFQzgfn74LcF+LNUSpjQVc0obgL04FMKUYug0cWD37TWE2RqZgt8dloGwURY0yyfuWVGmV3qc9KNwdNm1yDwCkbzWtC5gQg/5VuHsOTHKFFiZwNaPk2FA/ZbpDaB7i3QEamJPOn6YcZ3TJKIJqp+zK8sVSDBeovm7Fis8ro/+OYpFEMe8SQORUAws/VwUWynD4GanYS68KLa7c6buYCTMm8NYoOljaFhhj8Wo0UyctLHhgjV/HHX9jAnSHKGRxgRmZOmYBQGgDg42Prz+KLLmzqu5TQv3SoTMkDkTvvknBL3v6r/IrXON3uxv6EFBpAGFjpG2BOPSG+EUZIO3Y6gT2euBO0cAXjH12ctYJtNcRKop0UVZBsFIwjBoQ0CuNCcaVUXu1AWtgMpTEqRl2J5OmxKYusXWROQYCQj5fjtA/REGlPnRbVBt5z4sVlzjO5GlUP32g9wIDd8tfligW38lDtjvyKSCFJRY0GstRhExOWLPyFuScxTGZOQYEQzwtVqMrBy/UlNGIkDyUwU3qx+YKdAJVzhGHXZV0pWrh+V4edabgPWwhuQqmPtDFw4NfEnBICIU10wopgFR87m+Za6O2mCZgPTKmkIKm3s4TAlcek5+f/G32hhXj+2kVh38sp05CC63wV1LO/l6cq8vD7qZA5BQJCORkgBO/Zufm1dEwD/PUUEeLVd6zb6lr8kiLS8MEShMgvMEVVxhTdmgh5iivlyJBDiqPdyaHpU19TQeYUGQhpEyIIUl3Rujr8CDN6pOu3hX3HJilEu8zYjm57DOsZQhScVD34c9djdKA9YrY7m3BNy7hIVRIrkTnlQIyQatw98n7jXBApOzWrQ0bf2QQxJb/Z3YD8/Y6iP58alHxA90by7HboY1LIYbwwvJLqp2CPXfggaE/CEnOKFYGQ0hQsbOIxOjzu0vUV3ZsWPUHpH2zmbGOUQBL1qhBNxfV0yZGe4GZauIWXKrjlreDtS3rihHFwDV7zS78CA98Rc2IgxMImEEE6f6fsd7i8DRn9Y47IlNhSqV2QRUsMky40BSel15uMYHU3cZKOF1xDkfkfamHeMAf7dI1JeKeLi5IACI/wFEgE6exA2WFNCTL6LwUvpNhV1kggzNfVkjOjUlyXG4+DV6aFbrNgq6oxNF/R1kFfBIfolyGDnMV/RDYLQ+6OlKVG2G1yjwsI1MkfIO7+qMEzJavA+HMKm1Ezi+5cvFmusSITMYjk8E5vGls4mF6SxlyWmXtMVZFy7nLXmVM3L6gRVgE+/Em5Jnl3gIPAhfdT5jLaUB4VTqFtzTy2xFpJbreki97DancaskbfjxgUbyKXhlV0P28Dh0JjROZE98W6Khik+CJApOwJM3q6xcCXglbGq4rS929CWF8Pn9KKDdGPc9BVMl3pPgJy/gzuOlQKt9rstHxkPjzcDqcxI4Sl4ecb3J7Xpp6rnBCh4lsMuIPQ4ZPqSucwxWF9m/fm23sGoSWeMaXl/Cpa0I2u2GPYZGY/5KVaNIpwawi8xxcAYTkb7tdwAeVQuFUOXKVfs9M42bO9l+sB+OCiIy6hRYVltZVh9cChhYKpAampImktJGp0sa+9lzeqOQW0xfk07Zxu8LY9TUcTNi8BU3ryN0ggc2jJQGgJm0ZkT/qPzHxcWTkL4jJSHQovfW04wXAfCv2C5rAzp73aGcTThLe+0svV4bq8bejaKpvIqWgKG+YdCqlxeVaDgb4aj7yYba6QSgJd5MXGIbk3SEiJrnM1UNfye/QTTDUnvDngpjZQRHK16eisdMS4rjyBQXrW4Vo6CphJZjMGZ9oy8RFLQOwZBsmes9u6sHEUx8CwB1eTyaFEnRSi2A+bXBIDNaf1afFpZ5ruDu2ORNQ8cAx9C7T6Bo1P7LIpWRcEn7yxPSQNNxx6xe9FdRwGBs4uayIxWOCwft6oBQoZr3h2MPSRWMkWiWZVoUv46LKWxfSQGaxahTsc0T1EP+U48CGecIfcjAdw6AEAzb9sXdSuPeBfLneoym5iBDZ5mtRLbU42SuFcNSMErDltwCL+PV8ZkrBgsyg51EdwNjcxar1mDCEZAjtZ/PjayHV8h6pfE2Hx3U959pIrBJuJSBLsgMZvxJwaJFIXxAPhzzu4Mv0zU8QlDfChGajGSbZzpua/cPi7qpNOnb4p9aKd5VzBND5wtqBcLFIIwy6EKMwJM/lcK9y64wDV1gn7IuvFZ0PbsLG11F6YCZ3a7E8IHN+RtTluYX1M0iRCttxSEwcTexeMEJF8JpxUvChiJ2ZOqexNa0dH8/nRObgY3HlkOqaakg3Oj9v0Lsei9vjgY6lMRDMtGrdomjVibUsywCTnSaZn+cCL5lx5xf2aIH2/L8E/dA2udZ7zrX6Ty0XV6mWqkl0JoCOI7gzEvlt0JRW3Kpe8BXrXdB3s1I+wlJosZQXaKhXcBt0uZxBwH8/gjh35Ytoucj8jFkEvzGs6gKRX4wUBwSSiDrIFc0NDdkZid62cZvU8lZGuZn0BB66+ofd6DUtKhE/gHr373ZvOhbN3DxuZkpuawfPxWMvua+NQp9B+p+avEwkvODuPN2gVbhmNlitnHlhG/QVspNudQ3ctJaifpxNYfUtWLlhCOncWGUjUXMvJL8J7ic0Ck2X4QTN1g1eafctwkolscynjkDsPR8ww+VrDBo1/0vtdZ9BMLOVVSy7i0mSZHNy/Phq2TYAfgl/DVwxEGxew5D5DtSmaeXsWiFxkiW8EJ8NAg/mKYmAua/uyzRd0V9EYNCzx7q413+kqIRKL9O5SHo+Yo1/xT1fdXUCGi4H2xbJYct3GygoUSgibNJ3oJGlt/Za3i4lW5ahkEEUAWjN1aC6eJQoxtFeQHFwwcoP16nsmOFeUhKwNi7JyE3k5fwxjluqZSQx0RTr0OfG2g1UY+t5uuc89vzFag7CMF3Py5rHVJ8qCjZGX+JQHJo+BfDb8ovlJC+bbPizZKqarp8gCq2zAnHZPYNu97kxpcLwFzMcAABFzSURBVEZa/ZJMZMmG9X2M1lYgrq7Hb1FGtXL9KibrSBVMfZEuuvM5kZ3nO8ItIy13FoVn2ZBLpsuFdOMBMoviNFZjV6PXt/i97zmL0s9OIS61GKUhhW1o0H3wA7ChJUmPaHqjGQaOsvzv9n+43T5o9Vlb4aL6KaqAM2IpkulMJQ/uZBdJjZGckKSifMzXLTS11Mmg37SglygN2ltKmMWFk+vZDnS+wrfOUrPTwzvpVLt26ZrPImUtiniqGojih8+vot4Jgn7chP0ks0j7Lcsykj7nejjPLcQolXKDRmEBchCxQ17TaVwLYuf1Fi6eY+4RlVhEvtlDGK5+iXGZB3qFJI27rnjgMF3xl+eL79apv3ZlAwfVtA/FV/oZqVh4hFqJnUMiRfR5MU1ow0um4eIOzURiXGJMNmazWB9KfLNy85pSTXthmrEb/jwObSFaPwBwb1z085pfTj4MKkR3Tedqdd+tgafchUEuk1O3tbN5T7YzOi07sLLPmdeTHN6s5Ph6wyzwgJjsBok6f+z7fPc/jqxpWapmdQt2+WHAaLZNT89HaIJTtNGFSPjIVrgCIUPs7a/+lkVuHsSUgrWQSZ2bdiCfJANVZqoT7g8mUIniruqNEb43eoCuiNBMip0pBcAR5V3c7ko+gNeThzw7gT+oXEEXXgHB5aeOFMj2jQnjHlX+w/919OxNSZcFZRga1tKLKicZwtKaCJuN3N7RxxUK8jpzDPYR0qaJqDndbPF/5T+6wgdOAY3qtOENmEPdXOC+dGkZ3tnjahrvc3kkCxtcDAyRe9TUoVVhrRkllHgVTVemEZ1EsVsnrNDMIcfqUs1vjm8292vZmK6ufqBU21c3a3CfORBqZw7bGolVF4v518Wao9NdqrW5bV/h3naevbtec5lgxWBTw+p+i2CZiMPRIO4aZY7segD5tkvVk926hVLBVS8g1WGnspsVhdogZlvOp+0K3cXzWudrWqpDqZT+wra/L7XC1IQDhiBES1zN+StNvMQrAr2XubD/AQEVtZ7T51pIEGgDC9wthaSaFZaqgFQ5g1DfN077hiWn0qXaegCpglpUl2qeZ7gPbJ83WVdRgUJlSFxgp4jRqE9O0EIs0OkqcoSzaCcyJsNrIzIqOWQAPcH4/BOp1nvq+8SX+c0KLDXCFKCu9BQZ7iv9n/MrumeYoR3xdosvAhMW9kgQyxrboCv8gTXH6eIIglez6NWCMoKIHUk/k+pLT6jm093ZZdvtZnoCFad1kirQmSAlzBsg1d5Mbx+bHX7rQMhDSDF8+1ZRIH1vvZxR10SiY9qs1ObrWWKD0t2gn2Hv7Of8M6l26/5axfrS17rXpeqaYan02oxyClKd2B1kxV7ESDVTdv2YBO9SQIc9VtxdQDRqvFJImhVpxPbc5S+4F0g16CovS9VpQh6lqjxkMAyWSh6s4NDP8qugp0zSqBy9BUbPLWIc10QM18dsilhrVF8ShkEGvSzVC13B0Jd1pY6hUpnZWU1tqeBt1DkuD3K4d1b0yB4E1zkQJFOYvIxLEnKDrN9IFeH+Ri90JU7jdOX7hxi/8A9u7Iu8JuLXromsOgvEXxft+AlL6aI7vMu+uLjN5/hzXQXllypVtOnTehhLp+ZG6ZWgBS+e4A4/v05ENSBNnK6kIw5n+3EseIVUYdmv7NZTTqqg95bSk6BXEzTLzZ8biaWpnNQ4VtcD9WgpGnbImuKQ/BKL0f1fI1VclirqukATqQgAtTdMwyWfVoelWawP0OM9E2Jxqwfe+gYPsk8NgHR7jQWu0JXU/9iv9i4fYZPnnPEzBYbTj0UT+IdLvvhm1bXdvBiegj03wYiycrAlMKVj/l6q9NKvXH8FSSXNMzlIkUM8XZMk9iC+KMvVIeJSPVAzkcbqUYGi0D/qw4nWQahxq1H1/o8sEM9Ozx8GqWann2Hbnu6yMy0LxFEDWIp+al2d0FZQo+bCCndeAsa8Qel6KGEZ6RW66udcQvZoMARSZeLr30gqd8m6z84H60MtxmYPWvVokZaqMUFmJhq/cDNlZYLAzyB8pa5eIDv9HA6GutrBRZMdXORPjtsaWjTK5+VSKXYJi20r0MLSKMHyGBQCSRQ/Y1KxQXD9E2SvQfxE/WpzsVhsLm6zkBs1M80RokVOAWuSLbq7dnBx0HVnuZ8MxSVvgcvm+MdRWDeSapeTy2Gxjoe9jMYx+JyBN9ehSpnIOT6HjHWqYtlMSScqxilqUOBF9Nf5VXzhV3x702i6OhHE8uElDWBIHynPiPoVpDS5nLmOn4L3Z/9Sy3JUo/gtazjSYkkRovE9J3D/11jgSqnwLM1xCzY98xUeh5xWcCoNO5DC8WkwW8otHu0hoOaH9oNm6o9+B34P9yv9bSYC1boXnF2O05YyESkpLK8zRb/sKXjPe5VCD/zaw1yAHrMmz2LkC//dJYNqgcI3pJyQ7NCv0VVbHa+g4GL5VaTFaV7AUMOXuGWD8FUHHAA+cAMeBYt39wszvEjOPVx3VNR4C1IjYMHzs5e6eulX6YUFOkxy+VUaz6+JULST+uUDhHl5IhY8fzPCIkKg5xUme3whFU49lAaZLiUvQZIBPvOrMHC1rnCTDN8CpCTvYu7NKNTSpg+ykUcs19tFoKdUw3zz82jx8bQEnAaCciL/AT4GsGFo/BO0kOt6nVRFCuraABC4nqDWRn4FaqClQnsy6m6GC3hyhU5RfE7PigeMc8UzerEMXLEHgplvfB23SMu5MKU+1GuSHQaagYAxtGa35VbLp+ICgo0+g3hGzyB+xC5zfqbSRsOnMxaBjeYe6JVIMcFFchFXamwqVd0mqeorkJ3pA0BTGaUKI/zJjSB8lz3PpoIEOJQ9+FWff3XCz/QS2Ciy+GiOFII19di9jExX+9PeLrQzHk+Lq7V+wLr/y8pZ5gs6k7NAOqE1YogvWQhl2o0adg/pDQAS+pBe96yyOwzD2T31lOPRoDR5wyt8XHt76CPOpZ9j7TJDx2afpVoepwVVOfen486EDpb8SrfsdDWkibb06LvreRC52gOVERZuVzyrbKJn3cMiHT/rnp9q7TCeUXAkuYjs5Xza6eJcH5WS++w8LA5q7YzltsAlf/WB5+2pXqtU7rxneYlbhODU5dDeXd6T9OHX/ICoY//w6/EZgAobN45taN0tqu0p2ovdw70SFs+w+Pa02ZkyrK3twhXeLSe40PRh/vXr16Pv9XA6ygmlOtSnzK1NIa/wK6G2HqhaFJfIZRVI/ESqDhsB75WcC8HGRpOuy2AFGBRtuaIA1zGu13o1TfvTvKtte9q6hAsm6PpZ2kCoDLe8/OGWdS5IqkKVMzmDPsbLcRwFY3ninzxU/sXToX/ybE3gVSfy1qoG2j3lC06sSbgh0+7d1F3odNp83gcBuPS4NZ1vw/YVP4MVkPm2bfsk1fY260oa/cWfqF8k2dU+8ixoBAkb6K+lmha35F4DbLi7cppJjECVz/oEbn4vCR+Rd8j3xyax2MDpUe1flk7Y/Qone0/upm7zFoM3fniTS8SdF7966vrKZ9YSbKi54ltHaUOQh/DSrIpkuRztw7Uf8JzTuypLkhBHCjX8FEIfeYOfwlJ/4A9ScN7kcDeqBhUkTtCihDe8SirPNtbkLYYqV8KKknFFKfLi8Fk9RSGlYaM5bjgP2Bs2bAn66/HVmYOskmrDOlozM4kNAYnz1cP/6bOg6Yd9oLcjbGg/mUVozibJWoa+z2ZXXeAPozSp60h5pvRRVE4vcC2lLL7QKhk/hPwr3AQ4ll88Qv4Xz+1GJUdljycMG748x2YRpHxvX7BQkUpbQRaJNLFRpZNOm5YfoztH4J/w860JJNau+JF4uz8f+i+fsX6LSUpHTk1S0Jmj9JkMZSv9V0yoyd1nuDlUrtJJUnhIbi6SUQihh0Ord/c61MwmPgQtSZ77B1J18Dym6OVhw0uhKpNcktpg4Ipg+GH/MxZ4XC0+rTDzn9T+gruy88LHYSQtuuZJdq0GA/Q0/gwkXinVz2Dj5dIcDSE/bXe2cJLz0/7+eqdR8916d/51fr0OF6c/XG9tbh3m2RwpRb09n8+v4SKS9f3F5sZZVtu1qCv/C3xv5F+DxKulEthIeuSAj4PXWog6AhIZYnxrcN/Q21IW02klKvOjVO69PZ7Ra6Wbge9Vil73WTkRu516r4DE0SM9wvXnIPEGqRg2WnCwYdbHPYeiqy7V6ddOnS4neCLWJkq1tbfZyTvIe7h7ulW6VEenp6edUm2e9PDcefHi4nRRkitHCBTiRIn1d5BoYNS/AIk3ScVsQwnXgh5bmMT6W1LSCbexvJ+mg0vUFUm1Dxc4diGmT1iZnU3Y3lO2pzW4QrUcTYuHirfG1gq00mZ/Soq6vwSJt0mlnEvR1WBD4Bn/ZAvcQgvMlaTa7D+Z160u3V73pzuywLUu5uIIXuGRmDs3/GBK71QhKsfrIIGJwW9A4q1SdX78yHIdK2yMsN7Mr6ZP3gJhe+wSnuPfeyYVbDeZKNCnLICuaTeABDGAQCDx9DuQeLtU/DzzMLKWKN5FIwGpbntKso23ZKvQEdj9Cm8ovd996+KQpDo8Xr8Cv+qWedrhPXyWbmY6HBEUD7tBK3vvLpXSC3lAtrKNQaqr73AtUuc1kGvtol9tdQuEW5uDnCDV7mwW0K/2+/+7F/DxtV7VRnKNITL+kkn8pVRUSIzqw5sdEaiMxfhV2AIPKj6coicZKFVXVs3wdqEWOF32tBJgZEY3qr/DXlJZ1TQ6wyzg4FUg8YdScdEX6gRGymKkG8DDWgtJ9aPmM7Se+1LnXR33oLTva/SdSHU9bUKsOkGp5LkUxH19DAH3utl/4yjfKtVL2PhetQbQY/Xz1dUnfC54Wf/R8aLb5NVNzsfwT725uDg4q/1N347bp/5Zubq6qVcXF5+qZlQGEtvxrSDxF1IhbBQHG4giUuWXPji6NAT2wqQ+U7yTN5muG0n4ReYHRRG5F/gmkM1vAom/kkrKVclxTkvDHUVlaupWxLAjIMhapW5yHVKXwkAihlcyifeSCmCDynDNsw0Zaku0FJmEzQ/FG67eEN61ZBeFOZDgGPJGkPhbqTzb0KpwCnpjvBD0qb8G/klXYQOFbQt1mC6K6qGsBQ9nezNI/L1UVI3DvPsLwgaiiOV5JF3jK+VDcDTcpcuuqigcb+MM0rFcL98OEu8hlcJGMdgodomN0A7zs6RlMctjLIXyq0z8ZPH/H6kANuiJJ9kXvb3GDEGiSBrYQPmTiP5JieCWlOx+/PKsHy3VtHmAz5rwq5hcrkjaOxP8kyxjsKqilKgcSEDzxh+DxLtJNU37Nzy/zwQbNzVbqszlNLW3pH16umo+rLT/EZN4uf29VB0nngqxKIaNJ35YQ6BksklDF8c0qdBSX4wub3aQwCdtrnoM2Fu395CK6EUEO7T1l0RlPG9wA0zwvQeGNaW/BQnd3kcqho1oa2V1WIvSa4UYPRjlpW1gi9oG/hokdHsvqVbBhuhmLLLhC62sZWMSINPB1q9P8frt3aRi2IgDbES6uMUV2KzPMGcFCQS+h78HCd3eUSqCDZTri1sKFAx3XQXRmAS0TkEx9l1AQrd3lQpxIi2zjTjaX/RMAkCicQ/cO27vLBXc9LCsYhueIHqQQGy/eO9BvLtUDBtAT7f1rdOUwvfignPP9XcDCd3eXyqCDVwYfN7Xt4IWyiQ+8xLow/yXx/qz7SOkmqZrhI0oesA2Iza+A2MS/fuzdwUJ3T5Gqmk65KoF940ezojjPSBI7H+inoL3BgndPkoqKJ9Ru5fARi71CTWztc5Fvrtf/v5vto+TSnDCYAM1s7ioHwYSun2gVIQTyZIU2D4UJHT7UKk6bFxytYg0cw1MojvbB4GEbh8sFcJGwpWoCwSJ9JEgoduHS9XZBi7hpyILRe/OJF5u/0AqBD2QJ300SOj2L6TqLPaB4fDTh4KEbv9GKoINTij/wfavpOpZyeX71CRes/0fxs2JQ6v9ThEAAAAASUVORK5CYII='),(56,'KFC','KFC@gmail.com','KFCisGood!!123','208D New Upper Changi Road, #01-01A, Bedok Town Square, Singapore 464208','Others','data:image/png;base64,iVBORw0KGgoAAAANSUhEUgAAAP4AAADVCAYAAAB3/U2kAAAACXBIWXMAAAsTAAALEwEAmpwYAAAAAXNSR0IArs4c6QAAAARnQU1BAACxjwv8YQUAAHbwSURBVHgB7V0HfBNlG38u3YuWsjcyZCMiOED5QMWBOFARByq4PkXFLYqIgoATt4iKCG5FxQUy9ANRAQWRJXuW0lJG90zb3Pf+39x7vbvcJZc0LW3Jn19ocrmde/aSqIrwE7VtW0zlAx0knSKTNJAtStK8QgghBE/sw0sieb2L5A1EYcuH0b59VAWQKIiYT22THOS6jxH6KPaxLYUQQgiVBRjBty5yvBZMJhAUwmcEP5Cd3FPs7UAKIYQQqgjyHJkck4LBACpF+Izg2xK5XpVIupxCCCGEakLlGYCDAsT31PZ+JuX/CRF9CCFUN6RRjPaWMcE7igIU3n5tJMvMemdgB3yFHfg+CiGEEI4rZJKZ7Z9yP/kJ24QPov9UalM/lqRlbKNTKIQQQqgRkIk2FJI86AZKyXZ/9A1bhM+IXmJEn3SiE72tO2qCoIZOQgjBBIL4r5f3ZzGl3Of64WQDbvW+zQlL9JEK6eJvpB9k7FRYBf6WkYv9C7GAEKoGoE0I5kmTJvVmH1021rcGJD3wDbPpHSSPpToOdo2MEzo4kYYrfk8QbbbkoqNUTkekMjokl1GK5KRiZvrksGX4vpy9whSmEMu2S5Ac1FAOp8ZsL42lcIqT2We2RrIsqfsVxwgxhBCCCRfJr19JKQ/IbuK1VFK9SXxO9F9Rm1F1lehxV8IUYgfK2PvDUjkn8r2MpFOplDZSEe2VnRUbaP9627HJ+65SNHWkKGpJEXQSYxNgBomMKURpCB+MBJuEWEEIgcBB0lgmqPcxyf8aeXlSvT1f0hxq1S6RHL+wldpQHQLuRpQioQu5JHdRKpPmexiBr2FLtsjFVKUAn3F5MoL2cgQlKEwI51XOzi/EAEIIANkFJJ/GnH17yYL4rSQ+njepHkkT6xrRCzs9n1HeGkcxrZOLaCeV0BZXFRO7FooFBgazhdzHbSox4pci6WTGCHpQNJ3MTIUGTCPAeZaw3y7EAELwA0kxRK+wv1eyV7nZCpLFMmkWtWzHVNGdVEcAYo9n0nSPVMqkehEtpjzaJZdQIGjWrBm1bt2aWrZsSfXr16esrCz1u8OHD5PT6aSUlBRKT0+nQJAkhVFzpgUMYmd8vhynMgBnwHGFEE5EFJF8/nWUsozcUl/38FgRftjX1Ho2c1jdSLUURvs9nanyH0vZtIyRkG+fJ1PDu3alBg0aUPfu3al58+bUs2dPateuHSf2pCR7BYbZ2dl07Ngx2rlzJ+3atYuOHDlC//77L2cOWL5lyxbfO2Gnf7mcSJcxI6CBHMYZGByCITMgBF9gjr4VzNF3LrmfeJ+E75hJjdo3pdgdVAshCD6W/Z/Hrnc3k/C/UQF9J+f43Pacc86hQYMG0UknnURdunThfxs3bkzBRHl5OaWlpXEGcOjQIdq7dy9/v2TJEsrLy/O67eVSIp1DcdwMiFW0gJAjMARvWE/FTZ6mjKNkkPq6Z0YJ3zFp3+qVMHLcQ7UIggCgzkMlFvb7r4w8suVyy+0g2a+++mo666yzuDRv3749xcTEUHWhqKiIjh49ypnB1q1b6ccff6Svv/7a6zbDpSQ6g5F+LzmKX2vIBAjBCkw7nHo1HZjE31oRPrn9zRHfU+vtLLZcq5x68YpKv14qoQVSLv3DiN4bwUO6P/zww3TmmWdSQkJCtRK7FaANQOqnpqbSvHnzaPLkyZbrwhl4IVP/r5ATuA/gGFf+QwhBDxaK338ZpXRib0uZYHeJrD5Jtw7Tkt9p1qN9s/ScrbUhqUQk3MDuBcF/Ttm0Vi60XF9I99tuu41atWpFNR1gBB999BHNnj2b1q9fb2kKTHI0pf6umJD0D8EDoJHd8VLXB/L372SEXy6SesLECk8//bTEnE5hQwqirggvKBxaUwNIIgaPTLlS9n4Hs+Hfd2TRu/IxSuNLPAGCHzt2LL300kt0+eWXU2JiItUGOBwO6tWrF910003Uo0cPio+Pp3Xr1nmst1zOpyL2c3Vldwb3ppxCCMENUHFUZMzmr53HNjCidy1fvlxH+BJb4IiKiooYKsff5Mgv7FsTCV+kxBYy8v/HUUI/Mfv9Dfko7ROZdSaASj9lyhS65ZZbag3BGwEG0KlTJ26W4HrgEDx48KBuHeQDpLDIRSNmArRmocBQBmAIAP/9oyMOrGwUs/T7779X41lhmu8dkZGRUcPC6j9E+QWtaxLhg+BjFIJf4SikTymHfqBc2sDseG+46qqr6M0336TTTz+d6gLi4uI4A0DkASHFX3/9Vfc9Uox3MpMnxhFGp8jRjBWEiP9EB//tI6Ni3ju6531yh/U48WsJP7ywsDByZELzx+X8gsTjTfiwTeLY6cFph3Ta76Q8+ojF4b9lYTk84MU+bFk47O677z7q2LEjJ5ClS5dSbGxs0MNzxwPJyck0YMAAHon4559/eH6AQDZT9P+QCyhWYsRP0eyTuwgoRPwnJng2XmRkyefOozPJTfTlYjkAx14ke8X81KxvZml6xnGpGBMlr0hQyWQ+iP3Mfv9BzvXqsPMHd911F82YMYPqEpAk9Mgjj9CsWbM8vrtZSqar5HjuAA05/U5MQIBSQmzujY70tvXr1y/at28f7GIXz9UfPny4xMJHEpOSAffgq+zJ4eFEZRyIXY2/u4LjptJ68+saoPLPnDmT2rRpQy+88ILO8z9XzuSsHcSPHzaU7Xdigv3q9Vwul4MRvYMUYS+eA6j8UewVxyT+4eqU+CB6HGsDc9YtkvNoFVNTg4UzzjiD7rzzTurTpw/PxAsLC6O6ChH6Gz9+vEeNACT/jXIiz/QL4cQC6EtKiKNL87bCxoXqjAKVMi7xBw4cKG3dulXKyMiodokPSb9FctIr8hGvCTf+YuLEiXT33XfzfPu6TPACuMYbb3SXVowePVr3HSR/vOSgEXK9UKLPCYxGjRpJrVu3lv7++293WS4L5eGPBK/x8QA62wRLrW/fpgW9OXMWXXTRRXSiAcQ/atQo/t5I/G+xsGdjRzhP9AlJ/hMSXKiD6NUPDFLDhg2lgoKC4yIMYik4igZs+MW//HpCEr0WIP433njDY/kcJvnhQ4kMyfwTDhDqmuiPxI390047DX225OMl8VvK4dRHiqXKAKr91KlTeZFNCO4IBu6JFmghhtJkNPZwhLz8JxSYUIeqr35WO/AwbsBDflSPqhUI3SXLYdRCiqC1FBgg3W699VbbhTZwhKEeHnXxAG4KmB62R+19TSjYqSyg9sPHgao/bahvmSufWkuRIWffiQdJoXH+nhM+0/vFgmoXA/DoI788iQJzwH3wwQfcqWXlwANxI78djTA2bNjAu+WILjki9FVSkENRce50XiT+oDwXiT4IAzLHJ2/GURuBa4D5s3LlSl3Tj7lSJm/vhbLeEPGfOGASX1bUfZeQ+CKzs9YYfyDQjz/+mC677DJ1GWrbS0pKaPXq1bym/YsvvvDZ3KICFbnvf/75p8e3ICCkAPfu3dvvSEF5cQ5JZebnIYcnVHyIiOd/ghmFQEgTCT46Zx+j9YcpjRZSWzWcGkLdh9bGF794BHtFs1c8i+OnVXccHwGmOcz2tNMlRwD2q7Bh9+3bx9tbrV27lubMmkm79x+kqgK0ABCSndwAmBRUmm9J9FYwMoNgMAIkMBkbfNwtNaRhckJI6tdhiDj+ta6UZsykzWfPr5Npf6VCykckJydHZ2ZmxlU34cPDjH54z9IRv5pfQgL3799fbV3lq2tNsAFJOnToULruuutMHYrepLw/UJlAJRnA5s2beWmvFujqO4EaUzPmXA118q2b0CTwNGMfkR2Hts5leJLg1Xfs2bMH7yNHJrR42JVfUG2PAerqV0iFtFj2j0hgt3/33Xe8AActq6obKItdtmwZNwvCw8N53bxAsIgekFxO96uMyWWXTDJzgqJM11/A3sd54pwFUNBTn7l5uvOkTTlE+nUQXLJHRdJnzqPTCfNa3EU6sjaoX+0JPJD2yM//muyr+DUNIHzYz7fffjsdOHAgqERvBPYrFaWTKz/VbUb4Ca6dtGmhW7aCKfrQuMLpuJRphFD94E03tb+2XJ0JPCKOPFfKokNyKdV2IGT23IT7KK84eLUG3gAGACbjD9q2bUsTnp6iW4bY/jqqxmEiIRwv6Bz4ahwfmXvo9lpdQHvo+VIejytXBeD1v+CCC6hbt268TfZff/1Fb7/9NlUVMGSj36DzKCk2nFxOJ1UHoAGUg2Zt2v9YB05J+Ce0kYuFlEt9pRg+1DPk4a+zwA+rhuttjckONlAkiuaYyB8PNuB1R9Ya4u9otYWEHCTroG21HYBhNE6uRw2btqS48FIqKIvgU3EAb5NxJj42lq69diQj+qpR863AzQowgJhmtogfkYgLL7xQR/iQ+lsdJTRYjgt5+OswkLmHCVBqkQ5QHdIe7AZDIZEv/hYF/3hI5hkyZIguzv7999/zJpu//fab6TaQfldeej71OKUXdevcnuo1bGK5f2fuMfp743Z6f87nuigCwoq333FXldn2dsBVfxvEj+/RuQcaipaRoeHJYIoLteqqw0AcX8Ty+W/MvPoR+/fvj2bEX2VxfNEdF46kKXS4YvR0EAAJP23aNN1oKzjabrjhBlOCx0M/bPCZdOfoYdTj7P8wvac18VJlZ75XNd0RGck8kkiyiWXrHmaawEHGMI9R7zP6kqvg+BG9FrJNye8R12fenpfk5qFsvjoGQzgPdrVajy+JUr2qgiB6ePBnUVbQiF4k04hSVAGk5I667gr67Q/PVtQ3XXUhjRg2mIZc0I8RbykVHcunqLhUsgPOFJyZ7F0m/9y6fTv+qilED4SVH2P/+e4rCFNIR/iM1jdJxXQ6RYekft0FL8gDvcOrzw3+5OTkKvmthXqPBBF48IPVYQdtpjFowkj0kPRPPPEE/c+E6B+4/RqaMnEMDRnYl/Iyc6iwPIoRfeBVSSD4mkT0AJiTHW8/5gsYsYZpPc5QNL/OgjnwReheVntwZWZmVkmBDogewytfdxwLmgcfRA97Hva5FpD0zz77rGnjSUj6Zx+/gxoztScv3928Mzq5BdVF2PE1YJIQTB4tMJAEHY1D9fp1D3FxcTIz5WWm6XGFTtuIg4IJ2BbxiiNvqnQkqES/YsUKjzRZJLR8+eWXpiG7IYPOoHdffIS/dzrdOQNhMfXdNnsdhR2pP2bMGN1ntD47SuWc8EPV+nULKD0n9+AcztUF4csulytobF50zV3qKKBb5dSgtMdGmA3ec23KqRYo0Ln33ns9lnfvdBLNfHU8fy+IHoC0r654e3XDEZ9MvXqdSnPmzPG63hVXXOGxbJOSzBOS+XUOOuGuZu5B1cfAicpCEP0XUi497zpMwQBU0tdff50ee+wxU481pP2LL75ouu2D/72WWjVI0hE9pH1dhysshvtA4POwAvoOGNX9FMnJvfqhDj11D1D1xXtdgnZhYeUkM/aKjLxfHYXunu5BADz38+fP5802rDrjYEqOWXUeVPzzzzuTSpz6lGApKoHqOm6+fhgPZc6dO5f3KTBDVFQUXXLJJbplB+RSOsaiL+Eh0q9TMNbhqIQfDBs/jD0qhcxG/IuCM/kGjS+g2sOJ5y02jRi+Ga6+9FwPaQ9UxpNfK8CI9/zzBvK3Tz75JG3cuNF0tUjm4zjllFN0y1AavYNJ/cjQ8I06BU3PPc7POeEzqYo8/Uqr+sFI+oHqCYJHF52vvvrK56w7ZOaZJemc2783XT1kgIe0PyHUfBZibNe5K9eWgDP7nWkq9cFM+/bt67H8HfkYT6kOeffrFpC1x+L4FUU6W7Zs4S5+rupXcpI0VP16sv2GEby4pV8/ql+/Ph8DNXjwYF5IYif7DA/zDz/8YPrd2af3pITkRB6v1+JEUPMF+nRp5e615yJ67rnnaNKkSR7rQAU0pu/Cu4/WXC9JzamrHBmau1cHoDSTVZP1QPjqr1pZiS92dA7F0Xc2auzxwMEBhYm2yK/XptzaAZpwLFiwwPS7Sy88m2fmGVHn1XwN2raucNxNnjKZ1zEYcx/gN+nQoYNpARLqKd6i5hRC7QdUfSWkp6r6PI0Pf9FbnyoB6BCw8ZHv3VWKtrUNPMuIyftL9JgSCzXfqmKux8lt1UQdgRNBzRdISoyjuAaaBCWXu2eAUeVHmLRTp06m+0BqdXoooadOQufVD0YjDtj5UA0fpUY+1wXRzps3jwLB9u3bLevrkaUXFe+pvZxIaj6VllCLFvpQ3azZs3gERAsQPkqXrSAcfSFlv3YDqr7iwFcTeGTo/Wxh0H5bED6m48BG9IVXXnmFS25/gMaRt9xyi+X3A5ljLwSiZGOJMZP6H374oTpIBICqr52wYsQhOSTx6wqg0SvaPam5+syrH9RfF0kgcAyhhbM3oO89Hsbdu3eTHWC9666+TDcgwogeXdtTSb5nSPFEsu8B9Bcw2vTId0DERIv4+HjLfRSGSnTrFDyGZhKXB8HX6M6X42iQI97rOngYQfy+GkjCrh83bhxt3r7Xch04DJs0a+QRuwfqcm6+EUhHbtm0EW8yYgQak2ht/eTkZK7ymyFYA01DOL6AY08zUKMiV5+qYJIOSnFRnXeJXI+SJO/hucmTJ/PBGN7w7bff+uyff2rn1pQU5UngJ5JjTwCM7toRV3lIfeQ9aG19JPJ4k/oh1A2gr6Z4H9TMPSNwFKj88PJ3Id9e/unTp1t+h5xzO33zOnVowx7kCM9zOZEcewog9Vt36ER33nmnx3eox7fTorupFB6K49cBiJRdrY3PEWwbXws4h3qT7wm0mIVnBUzLWbJkCflCsybWDKyuVuN5gys/k0aNuoa3JzMCWhbg9HJfGsnHpR9rCEEGVH301WQ2fkXKrgKZqmhaLiTGSYz8fZmLVgMuIZkOHTpEdgZgNkw2Tz080Rx7Ojjzadq0CTyNWYtP5r6vdts1zYdgv1dDCgt15akbkE3LcrUxvmADD057OcLWumbqJwgeffHtoGmjBhSCHtB0kNDz4kvP65ZjuCh6FsKxaoYkOYyHZUOqfu0HU/VFgl5FIw7o/VXZXruM2flRNnmKWY4+CF8be/aGRo38ywA8UYDCnd69e9LzU57QLYejz8ph+h+KDyXv1B3IzKuvd+4pCTwUjEYcZlCr9gIMCcMGXb92tc/1MBcuKurECdkFgiGXX+vh5TeFw11zkR+arVMngKzcRo0aCR4uaZ17lW7E4Qu+QnreUJUz708kdG2bxCS/78zGpsw0g3kWUvPrDjQS36Vzt1WVxBfIlvyf8ApYdZAx4nBmLpWUeHqoT8QYvhlg6zviEqhn59Y+1+0iRfHGKiHUHSh+PF2XXf4LV5XERxOnkko8REo5oU/Y8fqfKEDyjlWmYpt2HTx67RmBngqh0dl1C0rPPd20XN6Bs6ocfHiAMm1Ke0h3Y2+9jIwMW9uiKg/punUVHoQcEVXxXlKiJnIpd+QVZbl/SxHGxLblrij2cmfoxUZ6J+pc/F4hgV9nIBpxoNmNOjQTXv39+/dXiaqPZweeYfRrt+PcKykp8SD8zEzfjTsRo7739uG8x15eftX6KqoSZlI6u7CM/8095PZzYF4fkHE0mzKPZtDBg+m072Amj3xs3brVo4BJSHdMSkX/g9TUVJ8+E8xBuESqx7Mu80IOvloPpRGHLIS757TcSrbeMgMI/4hUZkuCYKS1sSlHfr73YRzonf/qlPupR8c2tY7oOaErkhuSWgziNCNqECxGdnsb120GsT7+asdj+8JLdITepuY8FFsSSuKp7eBqvpidxwlfzNOiKlTutsklttYDA9JOyUFCT2HOIa/bvDDhburRrYNHf72aDDF5Fym169dtpL/+Wksbt6XQ/m3raF9GnteyYztAw1I0KkXDTVQ1PvnUk36HUw8xs2GOlE2j5aQQ8ddyIIEHUl/bc48DzRi0Af5gQRTqHKRSW+tnZWV5LCtweg8Ddu/Z0bT+vqYCk25A8NNeeJnXH6Sl7AlquBLEjg7FYJpIiILfZMaMGX5rCsB3cg61ZP6DS+T4ENHXYoh+e5idt3z5cnezTbTXZqpk0H9XMSkX8/NSbRI+cvK1wIMbEeE93TebSXoMwzRCVOm5ohLMPdxMxc7O8R0xSIqtKFSpTKEPzgH2+uevv0533fc4BQoMCpk07nbq1NbdU29f+hFa9Mtq+nDeT7xXwZZtWzixiyjHwoULVaKHJtCrVy9av369zxJnga8ph3pL0dQslL5ba4GhmXDuKR956ZWktNfmCyiIEEdB37ZDLnuEb2bP+2rEeeDgYa7qE5P6UQqxo58+mnFks7j+kYw0or1p3G4GYDvn5eZRbl4+t59LS0u5plGUmUoxyS25PS36+Z9+amfeu65L504sDtqAOcjcxOYvA0D8fN2fa2jaSzNtE5wVUtIO02F2LWgoiuuFbwPXP+js3jTumRl8RLgwlwTBw8E38bGxdO1NN7H72Zyp/2m68wBDYNKAwplTb96X83RjxqHy73A4qVHFcOUQahmQuQfnnjI0U1K9+ijXM47ZqSwQv4dH2K59D2i7hAjAG+0NC5b8Qef160U79qfxBB4Qxb/b9lB6xlHavms/JxRvXXv00Du/tDQK4jh/QB8aMuRCat2+HW9oacYAQOTa8BpJibRu9c805v4JfjnXINkH9j+NVxweZVrN8j/+poXL/uTXcsnIh+mB26+h66+6gPp078jX79O7K53StQMnWq1aj1TmLz+fQ73P6Os+5/xURvwteSQE6+K6Xn7uCfc1MTRv25X2jx2jMz/2yE46i2L4bxry8ddaqD8cV/UVg98hy3JQf1HE7+HN30n2CT8tLc1jWaSPllkfzf+Z9h1Io2Im4Q8fzaL9aUerJJkHEhKvc75aSNdfPUSRnsm87JV75kHs7D0k+8ZtqRRBBWrDy2dfeN020aMN1muT7uFz/xCeJCbV4cO4c+Sl9NvafznRA6+89yUtXbGGrhzyH/ccAYZjJg5OQfSIGlSgkC68+GJO+LeOupYTPb6HOTKAMbdBgy+m3bNmqWvDVAsp+bUfWq++mr9bWFgoBzucl8XkQybZT9XlKrchiQexZ28AkUMSVhdQ0YbXp4wB/PeWETT43AGUmpZBP/+ynOZ+Or9SHnlI59enPkBDhp3PbkYObdq5n2sxSEwCExhyQT/K3fYT3fPEq/Th14u59Mdr8itzOMMwMrxzzjmHWrbraSB6N0T77U0b1tNZZ/ejeuFKCW9sJHVsq+/Qe4gRfo7komQ5JO1rMWQPrz5VQc89AI0cWjLZd8imc48nl+zeTd27d1eXWU3JPd4QDCCY6NSuJTVumEQfvPMFfcwIW2trIzMRSUpQ6ee+/RRvI/7VD/9jWsAWTvBmWg6GZURGlnkeiJkg8FsA4yZM5UzghuuHu00Xpr3US9D34MuiwOosQqg5UCJ3/L1aj18VgAe4sRxGZ5D9jEBIyz179ngst+oCawdndD/Ja246vh9z0zCa+MAoblcfT0Bz6XvRbXTLg8/qiB6AhMd3Tz37Lm36dxddf8V59NzEu2kY0wKsYJTcKpitD2elwMjR9+j8FQn1EjzueXlI2a8z0CbwVJkON1iOoy2OYp4G6guQWjgfzG0XTTl++uknnTTDA3nBBRdQt27deC8+My85pCMkInrsN2Lq80ezv6InX3xftw4y/h7877XU59Qu1FbJ8UcU4PN5i+nRKTMoUNx22210160jeBTh/TmfV9qLbwTU+k++WUr9+3Tn8/FSDx3xuj7CkWZOyOhIfT+9o5lZ1Lipm1HAN4HOu+K+Y5BmyKdXewHHvTIttyJzT0GV9dtDyu5YVwPaKpXw0JAvvPfee3TSSSfxqblIPNGOyoLNunjxYv4eTj/kpq9cuVL1YsNT/fyTY9RQF9VPpAPMs79s5T+6Y0DCPzf+DkoQo7awblwsJRS4nWibt+7mEtYfiGP37n+hmoqLoRYIEwbTB4EEHTA/O+dnVNkFwAgi6zXgPgV477G/xq1aux18SgqxtpCnMr0UQjj+QCgPf9nvzP9yr77CBcDPq4z4kfI5W25BH0jZtJQF+bgEsQCIePTo0abfIcsNNr9IUEG8XTygkPKTp9xPbRJieRwfr0+ZrQy1WQBS/vkn71adZ1gHYUAkwCxattpDvbYLtV6AxdOLCnLZ9dZD6yDe3vqZaVPotwuu1GktMCmG33Qn7yWIkWBW2XsgSBA6HJzDhg6iKy8eRDFN2hJGXSBEePOoO7yGKqGye8MFQy7jU4c/ev81rv5rUeisyPGtz3w1YSGRX6uBvvrsGeR0zr36mlz9KvtlheRH3nd3RzTNYb5+TGP1FyCON998k/sCkGiDlFdBUFDtBdEjeeclRvRQiwUQ9x59/VB3Xv+BdPp9zb/0+bdL/ZbsZujd/WQ6uU1zXi8QnlQRGkFqbu8z+3HTRKvyI7dgxIgRvPU1z9ffvI3n64ukorYtkrm0Ru08tAYeY1fChVifyL3fF156gb75ruL8N23aZDtsWC/cRY89eDs9/dhdqrQXQJKTNpkKRJ/IE3hCdn4thYQ6GKUYz53Ag/xdSJ2qbLgJoMgDXV36u2LosFSPz18PBPfee6/HMj46q3EDrto7GVE/Nf0DHucWmP3y4zSaqfDA2nVb6INPF9CMD+dTsNAgOZGbFmaju+BBH//wnTrCh5R+4+Wp9OgT47lZgDi7mmCDTjmaqj2+zCQcByZw8dCr6bTTB6i5Dpg2BKYomKHH4EwD1ExEk/1rNZRGFOqvX5fAf00lja/KgYOUK0pFY/Acm8LjmWeeoZ49e/KZb1bhM5gHX8xfyjP2jPb5CxPGcKI/kH6EO+5ETru/gMqNiT5mYbMEw1huEK5wqPEOt4yoETXQaiAijs7XMzjfzJYZgXVkV46aXgxgDp5wysF+b9Iwyec+zICUZi0ahwi/tkOXll/lzj0jBIfZLBfbWh+qK2L6qDRbtGiR17i5lcr+zkffcWK3zOhjGmxCnNsWNn4P4oEdDJUYdfLXXDvKdB+++gCA+B+YOJWOFMdwqXz/3bfQDTePVNT24EFbr9+rz5m6kJ1d4FxhcmiRxG38ULpuLYe+9ZbGuVflEPn7dqv1RNYeQnve5rh7g5nTDKYBQoYD+/dSC3CAf7dVjOuGtOzVvTM54lvyopYHH5tqWT5bUuJ2JgJyCRiD5ygvhNVmvPUszXj1abUWv7KQynAst08BdfcbNmxQv0OBEVR5fwqKoKkcPpRBf/2zTbccM/TCmY0fqs6rtZC0CTxqHB8996q6vbb7gO7+e3YzvyEdR40axd8HSvhGIOx236NP0WUXnckJkDQhRlGoIgDpV16cQ6mpmTyrUADedqjUQrrmszCg1r43Izad+u4MjqSXwyu89itWrKAvvviCv4emcv55A91+Aj8rCZF+jDCpQFPmVAzN0KvdMMbxRaBWEt4+qiYU2mwHM3v2bPV93759uZ1dGWCYxMOPPU6XXeaeGw+pC+K2eoGwwqITqUuXLjR+/Hi+DYgKRTSD+/VU93s0013yazapt0oR4Y7Twzk7bdo01Qy54eZbTQpz7AGJR9p6A6RcI/U6hNoLxPHNxmSL9to1To+DTQ/bHgDRggDtANlzEydO5ESqxciRI+niSwa7Cd6HJBRED8DUgGmwevVq+vydSbxyzojskuqdxsvPj50XiB6hQRHGgzYy6Ym7PeLydoBGISja0QIDT1GcE1Lzay8g8TXTciVdYLaqB2oAmKOHeHCiHxJk1qxZ3H4Fhg4d6nP9hT/M49l/kyZNorXr/+Lz4qApYFT0mFFXBEQQAIgMzAf17+j6s27zDjpeUDsKOQ/TmqWfqhIatfUpKW77PJBuQbksfo8KQy26S9EUGxqvUeuhjNDiCTxqSxUsrA4bH15htOOC+mgXiH/D1geuuOIKr+uCMM86+3zebII3nGAOtUfHP0LLfvqc3nxhvC7MFgiKMrZwJ15q6uGAQoLBAvrmF+5fRXl71/FaA2QCgsHNmvW6ZW6+L+DewLmpVfP7SLHURhmlFfLn116g5x56aoqCPDUZuyoabZpBSA1IEX8AWx+qrK82XFhnwbef8IaWAAgAdq4oPqkM0SOk6PbYE8/406JhchIlRUWaJ/D4iZKCXN3LDBiUgdFgeLVvdzJ9MOc9evSRsQETPQdzdP4471Pdorsomav5JTVU3ssWr9oGmar2WkR3LUXV14XzxPGrFOAukB49XVF+bQdbH7PckfrqCygxPefsfmpXGSAgYojQF7g4j26n2BgXLVyy3iNnAJl7kUrmnqQ09wzkmMWZB6m8SN9p2FEYQa7YZupUHIHo5Ar/RWwlNRneCJSZU7psRiYWOroieSMVX1JBZkYcXthI4q9wdbn46yKTNmUUzV6eHZawrot853rI6jr6+YoR1EbdT8Bjmj3gvjaZ78/F9+3giejh6vX6C3Gd7uswzoh096GQlHuEe2W+j2Ll7KyFqRhDh76Kosuu2mubqsmrD+nRgNmMgxzxtkp1BfxpfHHXHXfRJ998Q0mJCQF5toXjTABmg6MwnfIYYYvWV1r06NJeTdkFgQakaufsYYyFmUAxzKGoFBk5lRc5U6iMuTniWnQ33bYyRM/BpP2CTz/QLTpJdhOknSIOPPjhCW7GVJJ3SCVIPLRhzEMQkZBMMS2aemyXv22PSkACYBIS+5zUuTP5Qlgc23f9ehTRqAGFN3Q7YsuO5tDBz75Wjh/Jzis4vqvyvEL13KKbubMly/LzqSwvV1nunfixTjkVaog8hm2RTFEJTfm9iW7ZlF+HQOmRY1SceohKc/L5cYrz9um2w/HKKJfdp158/dxt23RMVwv01Wc+PNFs8/jkYYpe+yPlJFrmyA8eQ9YAZbC33Ta2oomkRWNMM2i9+YjhlxzeRmHl+ZwAr7j1CY/14UXndQKVACTuwuVreOPQqKgIzkgQORBtw4UJUXBwM4UntfaQ/sHAO7O/0H3uY7OBCh6+zs9Pom6P3kuuYieV5eRR7m63/8MRH0vxTZpQZBPz+3N05VpafdFNVJqXrRJ/GR2kLs+/zvdHAQDnkPLZm9Ro+E3UY8I4Sjq5AwULuLZwJkwc0RWM6sD3i+jPyy9WtQwttMQendCW4k/vQ8ldu1NUyybU5OyzqF77kyzvjfGasnfsovRFv1DOlm2Uu2QNFaTvopPuHcP3JRWWUsKObpT22Q9kByrhV+XQTDNA3YfT6CyKo1Vkbxquv4BTELXw9zz4MO8pB+nviwGIhBgQvDPnIJOyKVyFP5xXQM9Nn2NatotEnh49OnIJHfBIbiZxN+/L0qnaolGIaLop0oJxTnJJfZ2qXxnwbL2U3bRr1y7dcnROyreRpBtG9SipnbudNwgiMroBNbT5MJekHWYSs5BLqgrEqN9rCcwOnBnHaOdct58iIjaeMx1/9+ENuDYjHE695BIaUikd5hpP4nkDqNkF51G9zh2pyRl9bRG6xzHYNST37MpfuMYVqbey59ltiuLeZ+9xZ5xGndWOSlbt8JD6yuw89TPXZZmNH5aTkxPOvPqRIxNaPOTKL6g2H24jKYKWUNWNt9657yB9/+MiSks7QhEOiRLjoik+MZHkcs9+ANy+LjjKbPmdTL1iUQFG/ILoJ0yeQbM+/1FdF7X//fv2pG17DlJSfDTdP2oYc/65SC4rpsh6jclfSEwudGzfll56taLpyOFj2fTd4t+ppLCEmrCH5SSmCgrJj+O4ykopPKbykl9ipsWK31bTO+9WJEt1kKJohJxoUxkro2Op28l5LJcannYqSeG+Q7Ug6r+fmES7nnqdyp0FjOwrojwOiqLCf/fSka2bqNUVl5AdgBi2zXif9n42j9LfmUeyM4wKN+yl9H/+oqRePSmmSdVNUd425XXK2fwXO2+347mcaUDldIiSzruETnn1WWoz4kpqc+VQSuzUgcLiK2925OzZR9sefYrQtb7Ruf2pOD+HS3yXJFPhyq3MLMhTGSlvpMmczt9HFE0vLS118tNjt5+H82DjV6e0F4C7pz2T+pdLVTCpUwNksyEXYMT1t9Da35ZQ4aG9lt5yrWMN0ju8WR+a9fXfOmce6vrnfvg83Tl6GPXt2ZE3rEDyTmWy9qCFNG7d3iPhCIAWMPq+qbR2805dFSDOFao/rsURWQmpJpfqk3bYU3EhC7pG2WT+kC4Fq1bTrnHTuTpqB9uee5P2vzyNqfiZHs49OM/y09dQuNNha18Hv1pIvwwbTtvGPUXpcz9TzIZofvbZv3xHaQuXUFXi8I+/sGPV55kOZbSfLztr3gI698cvqdVlF3EpHUwU7djHjpTFfSlZf6ylktQMJrQyKXPLZipOTzO18RVpL6EEH2+OawI2lEg8XOcwdf9PqdBWWy67QBHOsMFn8hz6+UtWurv1JNfjHWy5vZ6dxexkvaPMrTpXEB4GY6Ts3kOTJ0/WrYdmHsT26x7ekcXz9X/+ZTUv/XVm5nBCjKnf0L/iGHasoox9lkVAyBlAo82Nyz70mAoM1R8un4Dtfmb+oPmHQJIcxrP1yri8t0f8UPcdNoNCmRu30J6XZ7GHr4XHQwp/AQAbv/NDY7zuB1rD+kcn0543pnLCCyf99YuzcaZVnVCDplGct5VdfxNmvuZR85vH0JkzX/HLvMB1mEGOCNM5mMW6B7/5ib/HPT/08yKin93fefP8AzDnlQ48unDecQl/wtbvyrzHF0oJNJeCV6KK7jGXXNCf96EfwQh/3Yat1IJ5YtGLT6jLUO292snMDPn8C+tGmVFMhWrckNn0jCjRChuJNCDKQovqPCtAWpczte2hSW/6XHfYqMdp2fczdDY/EKjdL+b5oZuRQAfGjpGbj4Iqu2m68MyHn9WV29S+AAcVPNQRVGES4ShQkeOadaAerz9NzYaeT44wa5MBBLd23ERKmzvD1KkGCJbVZIB1F2LjPvMzMmytC4chiPvIb0iTjuFRi1Nnv0RNh13o9byNx4L03v/jAnJu3k/5O9zdpcOZzyihWwdKGnwWNbvoPPVYAunMgQdGg+szMjtvkCRJ11dfnaSDwXpUzRAHHMSk/hom9bfYrNP3BUh4NOY4p083TvxDBvZ1L9cQC1TlkoIEr5Lymx9+9lhWouTkozNvy6Zu2xFOv8cmv8WHWSKl1460F112Dh9IoTkffaE2FRV99sxaaEEjGDVmkru/n0Hy43qKM8kW8UPDeGHai3TtiKso/ZiTtm+ucFq2YKSEtGp/JD681m0uGMo93t7Ax55neI49h4pcv/MgOuX9F6hhvz5e9wGNYdOU5+nIvA8tiR5wx/BjKIYxezuAU3DruLGM7VmPbCtjLruYZi2p28zJXI0H0QKnfPwyc+Cd65PoIbEz122klM+/pYNvfMRC2yl8OTQWAFIbKnx++mZK//kzZj61ofbP3k8nj76ROwWxbSm7V96u2wygbWOXXZ7Gt3//fpnZ+RIFP0rkFXisENdvKYfTLVIyPUxpFCxAxR8xbDAneqtGGTwTz4Tw+fw7ZnqYTcX5gTncMNQiITmR9/kT9j9CiOild9Pwi+nu22+i2NY93D3yDEyAE7xSj794yQpdC24Q/PTp06ljx47c7zJ48GCPxh+Cycx8dTy1YswnTzM2SxB/bNOTLJkPTy4qyOODNHbuc0u4yqQfw7INY46tBHZPfKm45UezqfBAKvd2u5l+GQ/fJZ13OZ3KbH5f9jDCf2sefpT5FJb5fPiR2NLwtHNtaSFA9tJVyhl5NzlBlJufe4HFzXdSxtz5zJ7/ilowJuALkPIbXniZMt6bzzUeqOq4BmOehIPfm3rqNWx/fDI3V9redj3teXMuX24nt0ILDM1EWbsuc0+TwHNc1H0R1z9djqabGfHPlYOj8oNg3np/Hg+1IR5ulk5rJiWR7puyazs99/J7pt120NP+jNO68069UO+1o6tAQOjJj469t9x2C1139eVq+jAHYyaQ8N98O5uP4MK4au0xvv/+e3XSLf5ibgDmBxjPA0wGkv+hu67nGg2A+Xq4RlxT4SEvxM+YzuIlC/nbWZr5eAK5UrlfTwIIP5qp+XFtW/tcF/H9ot+3cskGLaGcMqjrU9Opw103+wxzwYm3ZvgYbhLYkXhwgDW8+nyfWggASZz153pGjM14go43onIwE6V41RbaypgPbPoWVw/xtXtO9CsvuZmO/v0/ziS1Zo7ZsST1bzRnBHvfmEFpc77hSUTQSAJJfVHS8iWxf24qMMM/moXz4r9O7JZWmp5x3Fos4Za/6DjqV0afLzzzyK004b6bvLbHQlIMHHJ8fv2HH9qaX484+7HcYt1kWjPA0YiJv3HhTEljHlgzBx7mBWCGgHZ0mIAou7WayYdIwH9vvJwuYvF+dPoVDM4s0UekEg8ccr1lFiQKc+6hBnwKkh0bH/Hqdvc+SKe8MsnDGWUEkl3WXj6KE3zcWYOo+2OPcpXZG4SkRBQAhGmW4muESCE+548ffZoOAJjKquGX8P2boSI85nZGwgnZ4LR+NOD3b3xqOWAqCxv34k5Af1V03X4MGY52AIerxITepXlbmzKJX8CIH6WppapLVQ3nVW1kzRZulutTnuSitXJwqgUxQQeOPXjd80ymyQJIx123N82v+fV21WMwBivmgFLh008/nYYMGaJrmqkFmAHU/1tuucV0P2Ak0DJeeX8+TX1kFB+tBeK3MmPenf2x19TnbEaW/o7LQvaYL6KHfQ/1GEQPSdn5wbt9qvaw57e9/BZ34plFASyPRYU8ccZhM26es3kbt7OtUnyRZBSmZOm7mUoxtZ94jy3vPUKXlSV6wF+iN0BSpmFzK0HXXrs6ynJ9Qczbu1ZKomNSWUC9982AoRpNGzWgiwf1VXPgBWCro+X2PQ9PpT83V1+pLRqFPPDAAz4rDgHY+jNnzqTLL7/cch0wBVwnzA9IfmOKkpD2f2/a7fVY+X4qksgbR1aaL8C+L1i/g8e4udfeB9H4Y88bAcJMPKWb7XTdpldeRI0vGOB1nSImHDeMfJDb50nnXcCz8HwBjGv/kh+5F/54As49ePWZP08Szj2RuC9XRyMOOwDx95KjaJQjmZ6SDgUtl//WR6fTA7cOo7G3XMmJXWAhcwJOf/vTaiV64LHHHrM9CVh0APrggw8spwwJYCpQj7EjqbDI/PuIiOC1B4P6CS+3HSIAOjx2FyV26+TV+w3VeOvr79DeKW9zD3egkjK2SVPb8XQ7STYwOSD5USiDFNywhr4ZNsJ18Ad4i69XFyDxteE8YczbS5OqJkDqDHLF0mGpYcCDN4yARIRKjFbbIy47l8Xho2j5H38HPNcOTj208rr55pupefPmlJaWRmvWrKEvv/yS571bqfewyb/9cZHf479B/Gg8ivZjKFHG2K3Dmbkejj84Fh95/A6KjtE7y/igDhatwJQeb0COfjLTuuyE88qZYZDQbaCt/HOsk2xjPRTCoBAlUPUYqnh8s+68CCaYQMweYUf4AZAfH2YjXo8cejgjjzfhI3NP+7ypBhMGMWRmZtYIG18AdeDD5ASe1Rcsex+Abb7ZMDnXX8BhB9X7sssuU5e1atWKdwC65557uENu7dq1vDNvaWmFWYFhoN7seTvAMdBRF8M94PV/+umndTH/NRt3MiqrTw6XeY0+BnloIxFaIH16GAslIaPSl5Hl9gIUUf3+vp1n/gAMAvZ/zo6tAUlLEH541+a88i2YgB8AgIYT1dze7ye7yrlnvgZAgqpPSn8PlfAZ0dcYVV9AuJculeoFlfCDgTFjxnDV2wpwyJl56IMJMBq8EJLTEj4I2lXsYDa9+XbGEdgC4xyN6SxXDI+slNgo0xLf+7KNATj2pNJyv1Tvng8+zD3tDj+lPiQsSl8DqYKzAsyPI1swsyCG5Lbxtp2GkiNMqb+v5gQZE0DVVxpxSDoXKXfu1SCJjwerkP2MLWtYT3eE3u644w5bql5VAYQE0+K7776jr+d7RiG0s+7NoB2BDSPvZjmZBrviuH/FDtEDIjMuuXdPn+vCsYfMOH9q7BEfj2/WlyfMhLO4t/0Ac5FfabrutFtzIOsPTAjFR4WpB/yW3twkqAFEDyByZ9qIo6ZJfAFMasV8dm+jtasTiLdXRlXXAjnykLz4UbKysujQoUO8zgDplSBsAXyHdcVx8f7YsWOWsf1iZ5nlMA1MCIrRSl5myg9gsXt/iN6dW5/NM+PsSHEQ185x07ndbSeuLnD6ojn0P+adJ97Cy7cAcGcRNqFG55zhc10wT5zXquFXa4hT6+pyMbW+NbW6/0ZOwOWbD5G/AONAclPxqm2VDcdVGmioq52kU+N7EyJvvCFTTrLp+BI+JP2LL75oS4UvKiqikpISRndOTqR79uyhjRs3IjWazwPUTrStCqBbrnEqEEdpCR8X5gqrcPSAqYK5lvG0LbuluEARNbrmQlvrb3vyJe4Y2/HuB7a7zgCIAKBSDzn0vhx9eJDLmGcIzMjO/mF6uHPti3g2nhmK0lP5sQEcH/4GMICCfSm2IgFYBzUMW1hI0lHJOH4lwelcl6tPtQCRVXCaaEk9sP9p1JCF9pb/sc5y6CYIHskzaO1tFXNHo0o48uA9xfipvXv30rJlyzxScqsLllNymRaA4Z9aRAcQ0IGaj4QXVI/5AuLxWduWcW84EnEyrrzUZ7aeAMypjjdfT+lLfqHsX5boUl3NUUSNh55LdoDoQeY3y7zG2N2lrm10n3kPAaf9GHPnx+7hsfxA8hGCCAnSnr086/Frmo2vhT8DOOxgzE3D6LGHRvHyVoqMoB5d29PSlRtNQ3Do7Cvm92kBYt++fTsn9L/++ot78u02A61q9GZ2dyBNRu0ATw6KR5AZZ6cA5vCSFfyvOwe+Pu2e/KZfLaiwXpc776A1v6z32tRSiAYk49hBxp9rAgoZwnkID7+dJCQA65wx801a9+B43hgknPd8CLfRudgNd7qd72ae3oD22qIZB9FxaK/tL4Ty6c8ADl/A0EwQPQp3kL+Pzjmd2ragBvWiySz0/uOPP/Kpveed55ZuCKGtWrWK/wXRW9nZxwsYrMGHgdoczFnsZ4aU+0HM4sToK4mFO8+YN9ydDuuuHz/69wLa9fZc6vr0g2QXILLW947kTTfCGaGaEQ3y56MTutjO1kv/3F1S62+lG/wB6V/8yBmM3e46WK/3y9No36zu/BqISOnaE+tB0KLOoJw3JXFnYaEwp5wqrZ6rmx+X9tr+AnICAzjmBYktjbzqQl21Hv4ik69395NN8+8RKsMLsW+gMqq7mLIL1K9fnxo0aKA67PBZYOXKlQExFJT13nH3mKCM4LYCpD287XBc+YpsiGq8ME3HXki8LZMe8otwIDW7P/EAHf5qCe8ua9ZtB8wo+crryC4OfPaJ2tDCH8DOh+ly6JtFHk0yvIE3y3x9Ci+v3TfrU8paupLytu3gDEvbjhz7h1MRzTiQI4Fwacbvq3hrsfAAIwTaRpvAceuy6w/gdMIAjuFSEiP+bKoMQHhQ683QvUt7r9v6S/A4Vq9evThho7QW9dAdOnTgtfYgeDN/AcwHDOYE4fsLHO+j91+zNU3HUV6Rz+uvjQ9J1HLs9bYkK7rowkGm92jjsYvhqu+AT973S+Xv89UMWt5/APfxQ/JWlK+60Yr5D+wQIjQRMIpAHW6CeSV272yrLFcLwQBEy2yk9WoBhmpkKIdW/B6sfACdjS/VVKIHRG++SyiBnJJM38k5Ae+rTfOGvGWWB5jU79a5HQULyKlHNmS7du14Xb1Vei68/wjb4f6LdN9A/QQTmPe5XeeuPokeY7BRTizQUum4Y8fSg3SKO+tMaj7kAlsE5op0T5/RlpSCSOGkg7Nu89RXqNcLE21LTYQC0fhizfA72LkcVgdLQAuBrW6nJwAgavSxXWDptOFcW0CC0cA/1vgVohQQLbPJh9YDJnVs3T+VygBEkQ6eQd5shyoIn//iNTWOD4iqvVGURC2lCPqEcetgxvVRsYc2XcFC06ZN6aKLPJ1MiB3DL4DwXkpKClfnEe6DhLfK7UeK7qjrr6DTT3c/XH/9tZZeevlNXV0/12RO6UVJiXE+nXqZRzN4roAAWm3ZUXdLlQ6yyKizq6LDidf45suZN/8Dj5AZiHb/G7OoPEKm06Y+ZZv40dfutO9mcSch/AUgeDCWhPPOtN1tB8dqd+8T3N4OROq771c0t9MxEOSkCXdRl7H/DWoPfwHem09pXhIo0IEHk3TEZ10cvyZ79QEQPxIgL5Hjqa8UQwukPJonZftVvVeEIQ4mc+yFnQ/Hn9nQDH+B8F+/fv24qg+VHio8YvhIxAHh46+vBh4o5nnjzVeVYSBx6njv3oyYTj1jEN13331qqi5s+yY2qsWAvNw8ndkCiR/pJTdfTINBOS0SY/xJhcW66Dq71ung0220jjnh1Ep5+W3ejuusN162tW/4FRAObHHBuVxVXnn21SzEtp+anj/QVrcdAWgakUwD3Pb4eBthQk8IZyXCezvGTaWja9dSt/vvDUj6ewNyBtzZi8lUGaADD0rwxew8ldnXZIkv4OIPqFv638tuBNT/KdJh2iXbm3kPKXnkCGMWJ5t/D8dfMAgfRI2GHnabegAg9Oat2/EEodtuupJ6n+lOO4WjTifFmSp/xqkn0ZWXnq8SPrr7IDFHMAdLsO9z8/TdjRojc9uLlg+iR7cZ2J4gTJF3bxeQgoU79pJoKKkFn7nHiAeNM79nL0hhOL/s+A/QfhrrifbWiV07m0pcq/NFHN+NIqoMhKlwZN48Ws6uoeFpl1DHx8ZwJikYkb+agDhnUamIc6xMOE8ARA/Umji+ESD+Y+yRbCdH0J1SA7+adK5et5lJ9l4ey9GzDk0sqgKQyCin1QJefNTGo0wWFXNdOneiXsxZxHv0yaU+PfP1EuLJX8D+1/bQtwN45NH6GZ7o9JYVqjSmtxTkuZOB4hIqJLUrWmlT5Qjj62DYQ/bfm716pMO5ul3GVW+80HE35gwWmmvbnu8P+xJAxZtA4UY0FXG3tz7y8+88scalqUMQiTYoj0V339Jj2XxQR1FZLoVnlfI+e+EUnFFkop4AffWODl/AQ4uNh55Hcb1OVkuEtcU9MEuM7bxd7BlEww90KsKgjNyV6ymH37tKn6MMB36bNm3URhxqHL82SHwtcJNRuoumHSdJkba79aBZ5m2jhnk04MR7tMzGeCyrLD5/gdZa/U/vxom6ZfMm7hx6huhIN89tmFxfbbPNgdl+dkJxbP2EehVqbbSNKT44TkrKQV0PfTvgU1nzchlBvkyBSkeRtGJ9DPda7q6zZZS9bT0Lma1m7NzX8WI4waEJJc7PHSPXOlKLTLdxHzPaNI4eKITqLBgATICUz94n+qyItrJjRlEjimjWhFf3RcRWMMHSwlyS9rkn4mIbbfzeKtbvLzAtF2W5zBekz9xjHmgJpbm1ReILCA11AMXTXpsDOaDuayffaIFkHm3L7ECBRpxz57zLvewIr3kD98IHMOYa5bUwD3A9McktVWbiDUjXXb92tW7ZHsYw+/rwGEucKAMrTPI3QUao//6GruycnzgXf8/JH1R0tonmzEV8Lkcr8fQUcqV7/tYVjjtHwPfZG5ShmZJQ9VWdiBN9Lcnb1wInDLV/APmnraA3XYmStWcE1H0QbmUAou995vlqTN3bKyAwzaBb5/bUsGlL/hG5AijD9bW/rdu2e3T5RTvzBVI+Y51V04SpJj1Uxrh/dR3P/T6cMwMwNePLoSTuVFUFnxiWg557+MsNJ+aICmMSP4LFlKt9Wm4wAIsvlt2yInbK28mekw8oKCymSy4+h5xFFdtg4m3jBkl0NCuXfl29ngLFsexC6tA6mUpLmWofnUAx0RGmE3oDBfaV1KQpHUg9QsXFxfTkuLupWevWzDVgTfg5JTK99/7ntG6dp/NyjaOQK5c92cMXySv1aqEUCMEDYlru3Py06eyts3nz5uWM3l1qX30iruvF/9Ss73Htqx8o8LCucRTTUy77NdOIfX/+9lMek3YwkRaTaa/971OWQyz9AeLwX378NrVu3cKnRJZjmjFpnk9Sme8sQWGzQ31HiM9b/F6s2733f7xmIA5yxPP25nZ76odQs2HRV79M1e3g8avtaMM8/Hhw7UJM2jnAPL1alR9MAMM1L7ugv2599Nlbs2gW/+sPEHLjwzcjG5McnlDxYkSOv1ogRm2H6AEwETATW5V4kfH8HHylHWOQyQLK4w05HCHCr1NQJulwqIRfk1N27cCpzN873U9bHx125378vel3kx4arft87dBzqM85fej9Fx4ifzH30/n8b1h0YsULBS4RFYzKyATswK6fAJGCcROnkh2gHuJbKY/dyePXWiyE4AJluaTJ1tB5c2pbOM8IEP+Zrhg+AsofYNLO//5Yz1V8dV9KJh/m0QsMHnA6UVYOzwFAhp83oHkHUnIxNANAR1zk5RsB4g+E4P0B8gJeem2mR4ajmMorqg61mCtl0jtSFnf4RSqV9CENoFaDD81E6B7QEX5hYWGt/mWhniawS7qW7KWuajHkxodp0879OuLHuC2Mol7w8Us8tt+yZWOe0w9cNOhMr/tDPzy03cKknKuuukrtq2cGSH+o/fgLBJMRoI8+BoBiMq4RSCfGkE6cowdcbsn/mJTBfSeHpXLu99EygRAbqD1AOA8deEQcH7ocxmQ7mKcPRm4E8+o/XNu8+gIitNeaRUIPOMpon5/jt/anpNGA//SlRkkJulr9jm1b0IUDT6ck5iSB1x9SOjYuhj7/bhknbjPA0w6pf8opp3CpCqCffnS0ebzc4ajgwXJZCUmu4IwOc8lR9MTTL/Ae/0agq9CVV17JS4bRKgw1BEakUSktl/Nph+SkXEmmIofMS3pi2CteMQUQq6iVseATAMKr/5nzKPfq79u3DwEbmRM+I3qHEs6r1YQPiAewI0XRaqnIrzlwO/cdpJLCEurZq7OO+EHscP7hLwDCr8+YwJGjWbRmwzbTfYEhgKAGDBjAY+z9+/e3NSOPX4PESKus8tOCIe0XL15KE596xpRBffTRR5SYmMjtP6Rro1W3FY6wAN8GFvADE0iVymiXVEpp7G8Zu9kNmfxPZoEhMIAQE6hZEIT/fUTRdPZbl3bp0oWH87iYgd6vDNSo9b8XLqBEKeJ5mBrxDrL+YMaH82nC5Bnc02+0+bXv8d0lzOtvZh8LoM4eVXmAXaIHgmH3g+g3/3uAHh73lKknH+YHhnEIYAw3sgDtAMNN0BPhLfkoTaEMZg4cpvelbNrCtAL4BBJq1jS2EDT4+++/uarvUD7whTVhWm4wIFR+5PBPoCZ+Ez/SdUeNmcRtfkh6s+w+2Prn9etFNw4733I/GJ3lDDQzL8L/AhwBxOwPpObSuLG3WbbveuWVV3Sf0aRh0OCLyV+gJ8IWuZhn/z0sp9FIKZXms4gAnq6QQ7DmADa+4mPiwl3LmsVcrToDTOHpKkfSYPJfeqI0t/9ld9On3/5Ch/MKuITXMgBI/Si2rA8zC7whMjKwFMxApT6IPruwjJ6bcJ/lMNA33niDD/k0AuZIZXFILuWawBOKU7Cc+wIcanTAjBHIJq8QqgS6RhyiOq/OmWV46GL5KzDVEyoycvrh0Ufhzvnnnam240arLoqLpSaNrRtHoOQWE3kDBqS+zWQeQBD9u2/N4CaLGeBwvPjii02bZBrLhgUwfwDwZ6owtIBXmGfgP1I89ZZieI4FhnagxRceNDEnwWpegsgaRL9FRBOsmEHIl+AXPLvsKs0269R9RLeePPbYpDDbszJiBKr//CUrqS/7e0rXDtSjS3tq2qgBHTpyjL764X+W20Gq+jsKWwsQZzmT+nbTdwXRm4XuBNAZCD0AzYBJvkYgS/HuW4dTt9O60cQJr5pXLYKvmvhQYQZ8Rzn0K3Oxorg0hq0YKzEfgFTBiOsxX0wS+45rBWx5I2VOYn32GYwiWZbU4iEjkxDMwckLeV21Ls28uqGM0Kooy9X01a9TQC0UwlD/yJXrsAJA+kP996c7jz8OPUvYkPqC6MePn0Jvv/225XroDXDjjTdafo/Ov0ZguGbjhknUpkEivTn1flq3eYfaghyJUpPlxhTpkrinH6m+Zl2QwQB048+smLBxudL/symLciB82JQXrIarjAKdg+IwXo191moSkUqXJoEyDVc60ZmDMi1XL/HrinNPAD/+Jio+LsM2ISlbt7bX8dUbIPW9BSR5gs7uPfT8M8/Q2xbqPYBcgscff9xnH3yct7YXIIZroisxSpiRyfjgf6/l5g8AYkYERbRC+y+T0+0ckfS8y79GH5ZQLhx+A2CvsSsgaFujbaAZSwPe8iOCM4emjDFAgxDag9HMALSmRF1mCQjZIoFHNy0XEj8lJUWuTa23fAFOJNj4lVXzAwXaajWx2fHVF3grLme+R06+IPrRo27zqYlMnz5dF76zApiVlvAxXDMp2f1QgPivHjJAJfxdUgnvgNSMEVeJom5j1PY2KbFSLdD9goYrogMTmIOaqqT87ojqdKAoaiHpGYLQFET4UUwLBuoaExADNbTNNuukmg9kSuVBUfMDAeL7Zp5zf4Gmi/v2pTM1nBFgbCQnft6qKzKe1q1eSfc/Opl+80H08OKbtfo2AtpAjx491AaeANT/hNZ9iLK2enYiZkS3TiqmYYx0ShRGC+IZRvW4ba8FSpOHDh3KzR8xSUiMA8cL7cAwdLQqpghD41vLYjxahmBkBj0omtrLESoTQESonKS6xgAkncQXC6kOAfZ9KpP23LY8DhIfYTxvyT12gTyA5557jrfjfvm5J6h1h048KejdF6fRq2/N9tmiG3b9yJEjyS4QidACWYdJSc2pMPcA+5TFl519ek9Vw1jM7PoRSosskT/RTimPRomvABjKhAkTOCMzu0YBjBYHUOuAuHNGRgaSy1QmgaQo3AswCqxjp025GYzMAIygPnv1ZN4ERCEwuakBYwj5vGN/7Q8wQtVHX31odGqzTQV1Lny6mYWUavtVISpw6aWX0uWXX85bdRttcG9Adh7sen+cjKjg0kLM9ZOiGBMryuJhzDNO665+j7bme6RSXeMOEMslcj1a5shXVXExEszMx6CNfIj3OGer6IMZwAyhKeTk5HDN4dChQ34xC+GAhKkgzJTLmclyGdMBGjFzIFxjDtRWyLKsD+eRktJLdQz/UrHX7yGRh13Qz3I8dmWABwwPYDA8+xjDJWD3PKFaP/3007bsei3iIvUSWZgrUXH1qCzbnbHYqoW+GeRWZuu3k+N5u3Mh9aE2Q5XepbRCQ1kyTAicV1UA9xkvXC/mEhgBTQO/CYqRhBaB92AKVgNKwQBgskB7GcjiCNACYAqAsdU2Z6DSbFNmWpQunCfXJTvfwZ007iQSb0C67aOP30Ej/v6Xxj3zlumk3ECBBx0VcWYPYVUDOfezZs0K6NjGnvs9e/bUfYadD2cfmpGK+/UXU5kHU5yOEDDrsD9bJggf0njhwoVVRvi+AE2DNyRtXMG0BDMQ/gX8XhiJrvVxADBZljFyBwOAJoNsUKCkdpWyydDmUDgG554xpa1OqPtQy3ZLpT7XQ5EN4tPouffpzEl+t9TyBjzof/31l2nzDX9hHHHsDSD6b39cFDSGI7QNbfpwEgvvYaS4AMqfEcc3Jtj0MLTsXrZsGW3evJlqCgQzwL2C8/Ohhx7i/Qkwrfi2227zWB8M4CU6Qh9I2Wrvh9oC2PhQ9YVzz3jmtV7dB+dCcscmH2o+AJUVISreY69jG9q+bHal22prgWSapUuXUmUAqWR3H0jHXfzLr5UieuOwDa2dHRbjHoGFmgXtSHGE0aDuRxpSa9sbeiBiCrDo614TAf8CGAG0kvfee4+bBHCOagUCcgqQpPSglE7r2TXH1xLiR099oeYDdU7iC861hnwnI4n4NADiRyHOyu9m0DOP3Gq7RNUXpk2bVikpB1X0ySef9LkeJBRGc/vjEDODkfCFs010BxIwjhTHUA6nRvXFe6j7XWW91P/4449p9+7dVBsAJjBjxgxasmQJZwDaKA2YHaoRlzoKOPHXgo5EsrH1lrDvJaLaXUgtpD28zL7seyAqSS/d85QBG4/cdR29PvUBtTilMoC9CCebqMv3F++++67PdZ555hmaOnVqpYle2LwC0CC04J59BUjj1TJHeMPRnsuo7vdm6n4HqaJQCfcDkr+8vPqzKQMFNCgkQIFpGc1BZCmC+MN5dmCNJn0JXXa19fjCoy9r52fXNuDEo5SHDjnjdhBZrxWFN+ujqrAAnFd4we6f+ep4emHCGKosEIYbP3683w87HIS+pD2kPGxTrdOqMkCoS2DQoEG67+DZF2jSrBF1atdS/Qwn3lHSXx+kPrL6uhls/RdffDHwPgXHCdB8LrvsMpo/f76HNgji/9VRqIb8aiKULrvqJB3RgUeu7X314WhByuhHUo5poYgVoMJGtdATPwDpj6Gaj9w5gnfaRWluZQB7/9577/XL2ffss89afgc7FE4o9M2rTAWgEdpwoVALBYwOvratKjITEQeH1NcWxIhmHEiI0QKhs8r6Po4XcN/hPDVK/nfkY7wDUWTNdZPphLragQdZUpimSbUIohILJ42uL5dRCu8EYxdCreXNM1ufQXEt9E4xSH4wgJPbNKe5bz+ldtsNNCMPxI/qODs27qJFi+jbb781/Q72Jr7v1KkT9x/MmTOHbr/9dt7fD3F3vKZMmeK3eaFV84FTTz3VdD3cF5hEbVvrH/4tkrvxhkOT747U176uaI8uSEhIqq2A6g+7X2sKgfGhDVm6Et2oaYQE5x65zfqK1luCsytf1mi4C7JkfnNxk7+QcukuKY13ffEXxnbXjviWHsQPcAaQmUNDLuhH7774CB+7NeamYQE5AKH2jxs3ziNWrAVMglWrVlkm68BJg9ZZ6JiDVNjRo0fzuD1sZ2yDF0wEmBf+EL/WsYdqPmMTET4ERNGMohjhN2TOUS0TRF0E6iO0Kq/owHO5SfUXQme1FSB+mCyigzIA4n+bMrnWE1bDnX21ypmHGykcKJjuOoUOcwkvyjb9hVk7aRB/bJuzPFR/IE8ZqQ37/7nxd9Dn70ziPgB/4/8gfjTEgNQ2w759++jff/+13H7y5Mn8ZdVPTwDOqO3bt5Nd7NmzR33fr18/n23D0H2ocXKF3Y8HH/0PtIAkQabbIIrzeNo+/PDDoOQ5HC9A7YfTTws0Iv2aPZuxvBC4RqLCxq8tWXs44yQmT96X3B1e98qVcxAhZdMMwu63lP6K9x/z9cbeciX9uWgm1wD8AYj2mmuuMVXJoYmI3PbKAElEZszNChs3blTfYx6AmUkjPPsidbdNS33p8Ta5xLRTDlpvnSXH6ZbjGn/99VeqzUDiD0wvLSCMRIy/pkp9LQ+u8Wo+biRU+2DVeiOTzAqw+62kv2i6CXUXr1bMw43UX38dgCBMqOTwFmtj/YFWnJkBqah2per69RVjwfv27euzaUdbdt3Rhg7EaLNlNssAxH+RlKB74nCNUPdrs9QHkKthDH1+Ttk8mzGqhtj7zKsvygsqbHwgOTmZaiqEEw/x0kBseSvAmeXL0QbpD8cfGEB4UmtO9Oi6u2nHPvpp2Rp6ceYXdMmIB6htl4vN+9HZAGxz2Opjxozhtj8qy4IFFKGIUldfAJMAoMKK8I8RIqQnZgtoPfsA1P1jJvF82L0ocjEm9MCBqdU0aiNQHIREH629D5V/GRWo9v7xhkj7FuE8tToPAzWohkCwJvHwIDFkDRXRJ3IWBROIk4Po7CS+8Mw1OZL+t/Qnemnmp3713rMLeP299cyrSsCxhyGfQO/evally5am6+lafpt49oF1VMxr9EW1HoD2VpB+g5jetkWTTg2pj9AeioGCGZasbqBD8SOPPEKjbx2tliKjsq+HFM2LempAQQ8/vDDrhcSXDX+PC4THPkHpwQ6vPZx4b7JHCJI+0N55s19+nMfiH7j9Gt1yUUhjL7GmkJb/soBGjJlUJURfVcBQDztYt24dr18HILnslhN379TOc19krbqfxH5ZNM/U4oUXXuCaSW0GzCJMI7rtloriHjyvUPnLak6LT3VsgarqKwk8x+X8BMGj4wlCQX84iuhFx1HutQfBQ23yCQeZTsyZ+MAouv6K83gRzgP33EBndNen6cK29uUAK0xhobeDa+nQztpD8P5i165dnBH6bBKqnfDD1H1MEDZiK5Po+RYPOwp3ukj6MCGO+9lnn1FtBzSWxx57TLcMz+5iqZCSa05Cr646D5U7aM1D1QkRj4cKmCnJ3HE3hPbRU65DvATSrtf+bqkhLXS15Y0ftIBXGt1i4IATmXhPjbtbtw5UfbNJsgKu/FQqL3KbGD26tteFr2oD4Ci0kx4rQoMI4515pvUIcK3DD559OPiMgKSDtmb0aotS1tPJ8zmDkzPQeoaaBJiNxuGjEF6oH0k4jl5++GyYcJe0RTo8ZZeqSc3XJuC4NEk491NgSTjDpSQaIdfjfgCjZtC3Z0d36a1m4GV3tsxYfAN13+qhK848SLUZ0GZ8Ofdg34vkHTRq8JX3L6IcwsFnlshkjOcDojtPFzmKt8I2AnkHdQGI0hjr+edTLv97vOS+mJ3HhKHH0EypKvvqi8sVzQuQ1/wJi8c/ROk87hmI/Q5b8RK2R6iVxgIRwBhqwoMKqT+wvz4HHQ+c8GjXNdhJL0Y+gzB3zjrrLPIL7B737+OZ77BH0daM6n6JEtNHU0sj4NisC1IfuO+++3RefoQ5EduPPU6kL6I0Ho04YONXlaqPC01QBifi4pGAg04mKKapzLALFmSjJNntCCyQzMdOaGvuAaj9g87urWu4ARsTDSJqU6moHaDZ5muvveazzTcaTkDVh30/ePBg8gVteS7QsZ1nBCCVSvn4Mivl9hyTTD6cg1V9Qm0DUnrh5RfAc76Aaba4J1HHz5Wm/lVvfVXNzQNRguj3MxvnSekwb16ABJxA02y16MycRCLkt8fEHxCT3JLkWH2zSdj6fXp3pSuH/Ee3HJVzZv3cjQ95TQTseBAvwnHiBe3tiy++4DF5b4k4YHYijIdCH19JOx5gWlTvUzyHbR5hvmxj3j4gUngxwryp7Dl+HD3v6orUv+KKK3QqP/xWGx32ciqCDU0djueY7GCo+lobHoBKP9VxhG6VUmmVbL93nC9AzRcDFoEUydyBJUU1pPIw/ax5tNt6+L8jPHLszaSNtgYdo6QwUqo6gVAk6gGQFWjVFgznjcEX6DArXvAw2yFiJDFt2LCBvzfrM2cG7T0x67oLHGWEb9aHDxCi52bJsx7i6/lf04oVK6guACFR3FOtyv8F03Lhjzoebj4MzRTvg1akI/YYpSF4NCWEhOeDFVwUVLSkCD4CSSBDLrNcN6qxfoa9mAgz9ZFRuuVmzTJEwoqVBztQILcfE2ns4JHH7+ADKz947QneFszIsFCdF6h9DKfeggULuFkQyOQfpxfP/mH2m5j1oRflume6YjxDsC53SXJdkfrQuLS5/OgMhWS08GomfdFskzSqPn+TnJysLvQXWhseBP81r5zLqNL5aRi1jLlnAB6uNLI2HbTlpAKotEN8X+vhRxbZRx99pN9YiVsLZqHtLhvQeTNnG6T4W28/RZ3bt/G5/tTXPqRNf23k3vM+3TvytmDff/CMR10ATBWU6gqCseuvgFMT1w3JZFfN12Xvkbt2wZgfARwmN+GbPeIik28weZpS/lYV1nTcequeWSN6VaL0JKwuaHrqq6o+j+0pKbt+n4lIvIFa946UxZ12drz0UH8q0866tRyp3jjcxGzJ+/GMUl9g0rjbdZ+NNiaIATn6HIz47719OHkDCBvMBFmCxrAhvkMt/+hr3HPs8gt8m1a79x+kt79cRYXlUdw/AQaEqkBoAGAgWqBUFw4lEL0dIsZ6SNyBtEeabmVwWu9eHsvg4MtmTldvLanOMInpw9cyd+7cWl+8IwCzCy27tPiUObiruXpPQhxffNA22/TLqy8KZ5CN/T5T6UfJB7iX3sppB0KfOHEibdq0CSoHrzdHmib8Cuhsgww7SDE7zS2gHrZjcWBhP2ZKvqWbmdQXRKTtq4daeWM8OTLRfU7CMbhm0Sx+riBs/MW54xpSNnxHuVt/pAVfvEIvvzqeOnWokOhgciB6NPPAfogR/R9r7XXfxfn8vD5DLRN2KnkJo0deyo/Jpb9CW2jIgV55diS+iGaAWVSmZx8iJX16eTJWtOIq9/FoG1twC8B0qe1pvFr06dOHP/8CoJWdTDuuzqQeSHyRwAOxAOoJY9wgPCcnJ3JkQouHXPkFpiUFoqElWgzAQbFcKqRnmKf+Ty8ptbBx7rzzTl66eOWVV3o8YI7yQurUKpoGnXMaDRs6kAYxu3d/Shrt3GedONOMOfaGslsWq+T0/+tw0nLNgEYBMBvUSycmukN6DuahL83Rx+shGU/q0JqplnvVYyJnHWWp4lxldjxXURbJZcXkLCqhk1o2pWEXn0NXs/PFa9DA06ljq6YUHR7GpFQJRbF9/vTT73TvhFfc58uI/v13X6chV19Peak7uGpcxIj/0an2CnKQeYex22cPupgSmMOoNM+dbINzaZSUwM+lTYtmnKHsPZDOvfQgGrTiio6OttwvBmTi/nTo0IH8gVxW4nEfD2fm0qffLNEtg/f+NEcstWBOWDM2hGV4nsrYo/aHieMXQgHJMHUBDoeDp0Kj+vLgQfdzJkkSncobkcpVVsLDO+kyp/RnzqMvsbdlzKyDM6xcLdIxtqHSQjRNBHeCWo2Oor4KZ/CwYzwzJBCmpFpVwElledzeFi/k1N9zi3d1OoadR7IcxosfcF6HvTj2tIDUN+ur16pBEt1963A12QVpvPCUC1UTzEFrKuQpQzhEUw5+7uwvogcwC1yJ7Xgxj7gPM2fOpIuHXk2FKZv4sihmr/++5l/yB2+/8za3e43twcS5wHx4dcr93PkH4L7DWWnsk6+7H+y6gjHbD4Bn30xbw29TZuHZFZLuZGa2dZU8GRSuoa44+YC2bdtyISjwJ3NxwicWS36GUAODlrNIthJ4QPBw0qAe/gXpKG8n7K1wBioNiAdODV9TXYwpsdr0Wit0JPfwQlH0CSeSXcgxzUw76kIFf+C2q9RlyB3X1onzunylJh/bixc+Yzle6NoT06QrffjVz2pOADQdSK3y4hw15x++gh+X/kF+gdEOylehwps1CBFNQeH8g9kBQF1GX/7qsJWRKNXJJJEHDTitIFJ40YK7o6HOQuDNN9+kugIwWsT24VMBYBb/RgVcM6ru8J5K+C6Xy2NibqTSKBHVcuOlDE7w3mLxCFvAWQTCh4T3VV+tIwYNDh055nU7hPK08eGjkn3CN0pvAcT2Jz00Wie1hg0bprOVQfwgbN6YQ3nhM/cf4BUWxols9uzZfH3cB3TV5fs/vI3/hXd+0879tOLP9eQv0OxBFNyI9mCq45H0MwFyt/3EQ4ZgYEjkqWoY220LYK6etvOuEUKb5Jl8JoCz1ZvWUtsgYvtCu0Tka5dUWi09+U3j+PDqM5uKfyFUD6ghY6V0Xi1nNZkGdrQgeDyYIHi7YSGo+WZYu36b1+0wnUWUfUJi5MnWSQJmlWlWKj8wf86zKvEjzIUwmT8AkUHbQSumu+++m98LI4Nb+8/WgCbz4ny0PeqwbzAeXItR+sOP8Na0+2nhRy+pdfbBhHEICY7XrIlnFydUWJpl8AmImD6aVXSQPKU+bOIvv/yS6hLgVxk5cqT6eTZlchO6qqU+JumI96Y995BP/5rjGE++8UbwGN0E6SYI3l8Y1XzR1mrxr3953Q6qYZmiHoHws8nczwBJYaXmQl02U/nhY8D4LEH8UJfttoGGPYpKPwCtl4Vz0JlzUL2+A8eyaXklGnnA7iWTaxHNQbWVcwgBXnjFCLrnnnuoOmBsx+0+OXelnrdBEy5Fs7yQzNOjEXmoS1IfePzxilAsaOxnqaA6CnhMM/e42JxHWRXZdmZgW8BpB8mGkw903jlUaKOaj7DQ5o07eezaCijnjFfs+3DF2ZgfYFqg1QSd8/r1oifuu0ldhuu0M/gSzjdIZNhw4r5A2sslFZrNpk07af6SwDvoItxoFqoTzUFxTarPgZk0WBZ0RMSbLm6Y7Nk7Hz8NOu8C3h5q/Ibny+bqPq4ZHYLqEpBWDToSgKO8qgt4MI9BQM3cI0XiL5TzLQfPQcLv2rGLq/Zw2vld0KFFqQljYYT/5ux5XjfrY0j4yJFcVGxB+FDzvc2WF/a+WXwfWX2iVReqxtAIEz36vEFUuT3//PPqMpgzWgb377Y9psVA/sBb4xBck+pziE6k6kJUZITld/Bei4YrkZqXFqJJx+WS+TlD66pLHn4A04S03Xm/lfKqLKlHk7ILSGJoplqyx2KLFXm2DnccHpwJFWAiLFcpglcg1F8BqMEIiy1c9qfX7bqzsI82/9tbgsjRQ75r7LmTzIT4gZen3q/2y4fdfsMNN1g+fJDCzE/Cu68IswfLtOYMzJgP5/1EVoCmYOzRboaFCxfS8QR+f1Qt4jfDC6nMcFhamTDwXi9w5POmK+KFPBBR0AUIf81lFuo+TK66lMYLQOoj5CqA5pxVkdRTLsucEDQhe7W8TeUEzIGUC/t20OCL+YgmNBCsiu6nWvUXgMT4ZaVvT3cbOUIlfEiNLCbtrXIJkFSinf5qBeEhLzm4VpXO3EPOGBEcZFFREfTKe19y4keWG+LyRuaHz/Dg65YzrUbsL0GJ3Xtz6mHfCKv66rTrbcpOZQFmBU0JXXvwF9qJ8JNAe8L9RPvvwwd3UcGxg3T0WA7tO5Dmk2EjIqQaloqChgrLu6QGfLaeU/HXID8DmXxmpib8G8iAC4bgqSlAmzMwe15kxZ7j75nUv5USuXs9WC06SyU6WJCv13zDjStNGPfAn0OHjeiKgYzBSu4wwjSMxwj/Zx9OPXh9k5m2opX4vAGHBXvEQ2t3HDNX+w3EDyCvAGE+EO7kV+bwhw8MEVNqzfahhVGr8WbGINEHLabBlfHe20ANFNZgHkAgDlUAhIx7gxeOp+3Lh6w/aDXI/BMtudJS9tDuAwcDqrAUzTs7tUyiom/+5NmWeJ6h0jaWwjkjdyf4uB9yuLfQk28ZmRM+mlkGet01EaCxm2++mfuGYCaiU885UhyPcjiDJPeLqdxj1pqW8GVM27jgkou3BeqwswuzMB7i6Bu27PK6HeashyvJRAKFPp5GqN92IWx+xNy1kh/qLOr34+Ni6dEpM7jHHn3Uvd0nSM6ybHeDC2wPVdibVITKB80KnnE0vIRDywogzp07d1oSAI6NOnsQLaS0aNIBgka7bRbWUYkaBA+TyJtD1SsgxV3u+gk0Ow3r1oRG/vdBngYsevMLjXHj1/3Z7+f2/PPwnuwetKGVbFguMvnMIkqYtzdp0iSqS8BzdPXVV/MiK0j935iHvz1FcCYYDKmf6SoV8XGVcMJJ02sbWL78tz/POcd3+6XKoKQgV/cZ0nTt5p20PzXD63ZI3DEiX/ZO+IhhQ8LZNVeEzW8kfuCRsSOpW+d2dMnIh7md7U3tlIoqJHZUk4Y08+m3LI8JqThw4ED+HoMqfRXMiNFTANRuaABaCS1U9JKCHCp0uvg9qKxDEQknsEnB8NCQs2jtCopftI3iZAc1ZESPFmguxpIj9kfTkNvuIIehYYmr2En7Onel7G3r2UNXT8O8PSfuIFzbDYRPnoSP0mPkR1SmqKgm4oEHHuCEDyCpJ5hSf3VJPiQOCEXQutvGHz58uLxixQqZSYbyiROfSR03bkIaewD978pgA5BGRvse2LRlt0+pg2EMAuJx8RXKg/oEe9UfP4WZzQ+IUdmoiDtS6L2SseCgO/zHmdpva2nGh/Mt14W0h/QGg4KktjMEIxhTdwQxl2dlU9ihTK6Go89BQ/ZY4H2inEn9X5lCF4y628Ps+/eFN2jrwrEUR20VqU28ZKo4bytlrttIDfv10a0vR4RR/cH9KGvbMvbJukU5wrSx7IVy3aXM3jX6b8DAkIYMR3NdAu7vBx98wJuqAG/RUXqNmioKVeBSv4zktG/C8lLxhn2UIWCQF8EJf968eVjoQutddmNdTC38lqlqY6gqoHF4CcCO3rTV+ww7OILqs9ugtQftcENIQDws/vorIMmRkluUsUVV2QEQf4OkJtT85M6W0h69+COVgZpI2HnjPe8hSjAn5EWg2+3ixYt5tlqwgfvXqkUDOuWiodSmTRt+P+Lj46lp06ZU9PuflDvtfd7YJEyW1czNLMqkdnuKTO9dvc4d2a9Qn4XhSnlGBSB+jYzfV3kQPu5Vo/PPpj1veD9Pkcl3MmM+XZjUX0We4dglS5ZwuxhMqy4BzmGkKMPM28u8+4vZnUDreO0oMn+RRWW/MMFXDtpOTEwE4btUwn/66afxkh0OB9hr+dixYz9iqmzVEL4BIltv+679XtdryW0eyW8bH2qwXQefGZASW57YQnXUod8cOtB4i5EjhHcMgzU37aQv5i/1OUwzKDPzNB5z2MdNmOMMzUqaSm7pjZbW0a070kX3PkDJPbvqNj2Y76KN8hy1ik5oUSDszC2bTRt7xLDoQ1yzDlSUnqISvkDB+h2mpxjXtjWz8FvzvjwOsu5diMcczV0GMHXXrDbktz9+o19++cXUwVqbgXuMPH7u32E/wSdSFp3PdCrkPwQ6e28RFX7EtN1yJvzw0tn4nPAZ5JycnPLY2NgydlOz2fu1jEP0oSDDzLGXkX6Etu/xHnNvwQgfEkkr8e3gzzV/Vro6jRfneCF0JPYgxIZ6BUjvgsN7KPXQEdq6Jz1o4651UBxqACIdp1IMtWOEhOajsLeF5IaKGKnkbBQT83PsZSSd71lVGdW8MUnNGlFZeqqOIJnOQ2Vb0ijn3+0ezKJe+5Mo5uwuVDBvF9vGXVLrrvJizGK5ucYS36QJxZx3KuX8ssIr4YtOvOjJZwp27X/88QcNGTKkztn6//nPf3hxl3D0IannRjkxIFs/k1zfz6OcAzEUg6eFvyDg8Z1g1bLyRbkkSeVMQpYtWLBg5vXXXz+LggyjYw+wY98nscdQ6+VEikOZEvv1Cpdb6vsqD7aCiGvzc2e+AuwLmXPIyUcaL4i9SohbAbzl0Uo/w1ZMXYcUB5G3ZJK8AYt5xyt9B3EbnPyeuH04LoM5BKlcnH6Yikz6LjiYHyK8K3PppKfolru3SaOiHfuIDIQfnphAsa1asr3DAVdhs4NZ5KdvJmfGMYps0sBjm+ZnD6DsX5aQNzsfKFFauiGTz6x3I0J7kI51jfDhiwJD++qrr7gQWcFY4AAploc98/y09r+hnHfYnzIm+HjzDUzMEt22OOHLyOWT+EQKmakb8CyVMSfDn4MHD17eqFGjgRQkmDn2nDbsewAqa7js8CD0XLTd8kH7q1at4oMifPWXF7FtHuJiBIIwGG4UpPn6tasDD3nZhAiJCQdbY/bzwKGJbsLIX4hlhI6kJacsq0QOyahvlmj+aICI4XV3OD1No6STO1BsyxaUw1VwfUOMMiY3svfsJmOLDXjtY5s0ZfuN9jgOMe0i48811Oqyizy2Sexu3vvQ83zdUh+ZfN85ckxzCNCXr7aP1zaD6MyLylBUNy6S8ukGntRjP7yXSWU//Ei54OScntmrnD3L6l3khI8WQOQmn7Lc3FzY+U5I/WnTpr3EcBojmOBMlTA49oR97yt+b+yhL2DX5fHee+9x6WB0BkFFRxhMxLnBYatDigtVHQVHbdlL2OK4Rjgwk11hal47YCRyQPL43zfKyTzdGAQZ0SDJQ3oLFGYcMt0ODr6ohKZUlpfrYefnrdtCZCB8AGZFdEJbKs3L9qruA6JJxyAp3jShB34R1FAEqs3VZFxzzTW81yIcvUuZrD+DSX274b1SktO/prx3yE30KuGTJnSvS+AhN18tU1Z2vvrqqwduuOGG91i8+kGqIsC+9zVvHiOG6xvquf1RekDEiJMOHTqUf0ZcG0kskOSYGScmxVY1QOiYGdeSqW14D0me6HLwK4mU9deDH7hEk8fuL5FbAdK7qYmzDtLbDJDohQdSTVV3OOvCujel0lXZhvOKoex95loczIro00+m0l9Wk10MJHPCB1ASjlddA0wYhHlRyMPHbzlyWaQD/Q58PwFbyfneAre0d7LITSl73ssUb75e4ivghM/CeGVMzS3Nzs5GLWVUv379PmGE0YItH0GVhDGFFeEu2Pe+kMjte/0Fw8b3J8gBTynCQEBlk1lsgfGpJKaanyrF8BRUZKMhDz3KJGEFMIs7VEWBJqS3VFoOF7JueVK79h5qOwCpXJh6gHJ376WGBsKHwy+2ZSsWWVlvcArWY9scNGUWid06UeIp3bid7yDrRqBawL7twySeWbs3SP3p06fXOXUfQMs29L2AYELtwkBHPPVnDk9vuStpVPrFMxHHvouUIkuhtjOi5xIfRI/u1op279EWRWZqrosRfSnjFHgWi9mKpR07dpzOiGUnVRIeiTuM8L/64X8+t4Ota8zRDwTChq8KQILj4YQzapyjMc2RW9FXcmua5GpMg11xXGUVFWjal0sZF14dAGGXHsumshzPexBzcluutsuG/oVQ4ctW7TZ1CgKNup7Ctsny2Kb4rx2cWRjB8yNMfANWwD1qzBimWf99ARB+XYW2bRo6YSHHwap2r4hcO8dQ2suMZkHzENzOZs2aOZlTj/vvBNEDHoRPblugLCIighM+2wEMv9KLL7747soSvzFxx04ZLpDEfcU1qyILjrizWJx5uJTECX0CY09PyI3oXqaOgdDxsIIzI/kij7vVqqLK2n9AEpsBDr7w+HhTwi+hI6ZOQcDMWYdtSvMyqSTNvGtOk7PP4lqBP8WnaLdm1poLqEuDNo1AijT6YAgslgpNaYER/a6p4Zl3s7elCtEX169f34l22u3atRPpuiqsOvyVZ2VlORMSEjjxR0ZGFrO4aSazke8JlPiNXWOQyrp9nz0vORxfwPEmHRA7SkbdhN6E/su8DzewGCsIHeoo1HgQu5bQPTqYHkdAHUdcPj/DsyYCDr6Ebh0Ym8o1vc85m7fxfHsjGp1zhrJv/VbYT9Yu80Qe5ABEndWOsRh7k2PV/H0LLaEujdc2AhrSddddpzbs+JrFXjC1StuwQxD9dsmJijQIatzYEkbDUPNd3bp18/hJzQhfBPvLGJFzzuFwOJABU8zCYln16tUbtX379nnkJ7RFKxxMzV/2u712SrEmp+mqRnKC+j7J0ZRepeZ0n6sB/cfl9rBCqjuU1l/5BmKvmXBQSbp177qIRrDHzZOdjmzZYGoiwIaPTujCrl3/HVT53G07uZ1vtk2Dtt0Yc8iwxczLlQhHb8ncjof5hoSeuir1Ucdxyy238Pe8qQm713jWEN5jbtd5N4anjwLRM1Ue9IofsKhhw4bCo1/+9NNPe6hrVhJfePixYUkxQ1RUVFFpaWkRMwFKO3fu/NrixYunFRUVHSKbMEvcWbTMt2cXUhbppk6Sq42gYK9DhX9Jak7fU2uuvqNZBPwMDhMbvbZA4rUOuabZe0BcL/OBoFDLi37faqopAI2HnsftfC0RQ7vI2WG9jdWxzM/bnb+P38BK3YctvHq1/UhBbQMa4oh+/Ajv/SuV5O8g5xv3UPqrsOnZC2Y5flgQfglz0DsZwYsQngd8EX5Zy5YtS5OSkkoYOCdhxA9VwsnU/gUshjp2//791r2ktDvUOPZEm63/2eg2G61MzfE88eAxAjAXOOZulpI5sb8iN+PE3kt2P2RCda9OR1xVALY3CNSb7e1ez3O7gvRdfjEM7uBbtc1ym2YXnaesZw+iE+9VFj35IPXrYl8+AUQt0KEJYOG936bLx255mA59Dl8cBLJC9Hhx+iS3pLdUqLx28Wfuf1dqaqoI7YHwC5nk5wcoKysrmTNnzoG2bdtOGzVq1Ih9+/YtstqPseMOwnh27Xv82LCdzZxjIP56cuBOP0HssNfvoQa8EgrEjv0KpxweuNpL6uaA7W1mr8P2BswcfN4YhhkRY5tySufbmHUFhjMR8X4XWU/aMULN37d4autiXz4tmMq/fsiQIfext+MPkTOVEX0JiJ59LoyLi1OJnnnxebEdeXGLeSN8keVTzoL/pUzylzDJX8ScDYXR0dEomeIqBQ40d+7cVBbym3rrrbeO2LZt21c+TQA/7PtG7AEC8TuUgQPiBQQ6fUTY7PDCC2JvrMziK1R69IcpNpSjjr0A2N5mCGuYxO31cnJLaeN2aav+sCTiCGqjEnGF2ymGMlasdOcNGABnYsPTzuVOQLvnDuaPRpQ3y8lkBaTx2pkUXFsAWlq3bt2cs88++5JGjRrdu3DhQrRYBtfmprdCiwUMxaBR9r7077//9jlaKtzblyKVlwX/xZ3kJgCL8WPHwgcAV2sk0wDCP/zww9TZs2e/xj6/MXr06GZXX311LxZK6JAgZ3aIKHU2jYmK5OlhaLO1L8Xt7BOjhKxwcn4E5SRE8ebMRuCkcguOsgiB74xi1J7fmSFT77j6HvsQ7qy6JtnNEJ7Xgpyb93NHXWR0A4/v65/Riw7//D8KS9DHzcPymlHBrxtMk3+Ahuf3Y9stV7fDGnJeMmUtXWl5rEbXXEhH//4fSQnm/fSNwD7xW/XIL+HmWXm8Z2y/tqbxMvrJZ4TMX2lpaev37Nmz68svv/znk08+OcS+Ew53PK6lLMoGmx7mN9xvwovvZNp5GRx53lR8AbvPusR2hhdEbBjjPBHw9zG7CtSIFzuXyChmZ6A3Vlh4eHgYO1nRuhsvB1sms2XaVt7ElklsGf7iwmXtMs06pNlGXV+5Weo6YnvDPmS8V7bX7leX8q7ZH19Pu39l32Ibs/ulHkO5PnEO/DP+iu005y6+U4+rOY72GGJbWbkmj/M2nrPYTnMustU9NVnH4xqt7oXmt9P+rpLhvM3ukwBv2qM5prgHkuY4ZLZf8b3h3GTNNmbXoB6HNM+R4TnRHlfd1rDMo2eY8fk12Y9sfCYNv6VscjyXck2c6OFUB5ip7WQE74yNjS0pLCwsZrToPHLkCM/Og2nOGIKtqLdtIecu4JNIYQBgvribyNOMZI6HSKaSCAYQwRhAGDtREH44O1eHcqG6H0xDtJLJzdYRkfHmGQhfRzQWD6cHYzEwC4+HTXMMj/PQrC/WEz+27uEyErmRUAzEJrYxu3b1uGTx4BmPY7hnHtsar1+zHyNDJcMxZavtTc7T+JsbGYbltlpCIU/C116rTOZEKK5Jy/SN52t2T7WEo342nI/2WDrmLr43MFr1+RDPi/FZ09xzEJrM6AbSnUt5RlNlyKAFwZNbzRevUmbPQ7V3+UP02hvgDyTk/A4aNCiMqRZhu3btgpTH1UQwLhThcrmgDYQLBsCWCyYgsYvRHY8txzL8RZ85OcDz0UI27FMch//FMcT3mnMQ6/HvlPWM35mtr9tW3BvDurJyLpL2+rTXq6wjWR1Lez5m5yiWa4+tbCcr91scx2svP3Eszb497pXJuYv1tfdde1zSXKP2/ngQs2a/2uOYESjfH7mfJzK7Ds1vIhmWeayruV7tPVCvQfPbkeY81ftg8jzp7rvxvMyOqexf1twnQfSiqk7E5J3KslLU1DDaK1dUe78bnwdEaEL6Dx8+3DFv3jzsI0x5hYsXYwLhjAmEMyaA5Q6monDiZ1yLH1MZsCiLz4xRIMHYlGNhXTTBwDrganivXW61vuY4HuvZ3ZfJvvk5K+t7SAvjdRgHSeIYyj4cYn3BqZXjG6WOres0Ltfsz/IekObhVM5bLDODJWM23m/lGr0uM27nbV/a38rkvpPVOYlrNjmOzJap1+LrnCyW4xmQjdvb3YfhnsjKMyEc6sKeLzO8yjV/QfD01FNPubQ5+HZRKQmrMACJMQBJYQAO5lmEJsDVfHJHDcSLf48ZXswDKY4rMQaB8dz4S+wv4bP4TvOZv9cemgyqFVuPf1ZGfUvKMlKWabcT1y1jG+U7WTkX/l45H1nZVpybrPz1+Kw9J3Ed2vMyOSdZWUcyOUft9ZntU8dslPtn+l6sq9xH9Z6SiWorzsNwLtpjexzfeP3iforfVHMcMuxHp95rfgfdesbrNvw+pI51N9+3pWmkHFNs4yGdDdt6aCma39/0/mq/1/z2ZsdQr1Nh/rwhTn5+Pg/FJScnl2dmZgrJj0aZiLAJ551ttd4MlVWtjftSnXnG902aNJGYBiBhRjfGROE9uyh+8uwCJYfDIWMZ/h49ehTr8L/sO48DiSEZ+E7Zh+7GKtuScbnYl2bIBv9OewyTARz4ASTDchnXgPMz7h/ng/UN+5OV8+LXrSzX7dfqWrTnbXF+ZHLNxmvVPfxYV3MeunthsV/JcB/U+2Z1zhYws591v7U4H81xSbuczO+9KYFq92F2Hpr9kLfrNjlXMj4T4p4afx/DcnVfhmNzQmY0ghb3+Cxi8Npe+FydV0prK0X0VQZlKqdDiQI4GJfi6j9zRMDAiVD+RorPyitSfKdZzp2HXbt2jRTfi+WGZabvsY5mvUiTfUYY9hshthN/cS4mx9euF2n2XrOdx/mJ8zLbr9hG3Adxrwwvr+dgcuwIL9es27fY1njfDOcRYXKPI7T7MPs9DMsjjPsxnqP23ovjaO+L4Tkx/S21xxH70z532ntmfLbE+Rp/J7N7pH1mTH4v02dPc63iFc60Z2E2c/pRaCiYArraIZm9FCah+6x9aZdZbetrPcGANN85vJ2L5mabnqOXfWl/KIfFeTmM2xmvw+TlMF6L1flr96G9DuM1+fPSnp/Yj/FYZr+j9thW33v7Xc2eCW/naDyO5rPO3DTsx2Hch697a3xGtc+NxT1Rnz/j99ptNGOsqxz/BzJxQnJ15If0AAAADmVYSWZNTQAqAAAACAAAAAAAAADSU5MAAAAASUVORK5CYII=');
/*!40000 ALTER TABLE `vendor` ENABLE KEYS */;
UNLOCK TABLES;
/*!40103 SET TIME_ZONE=@OLD_TIME_ZONE */;

/*!40101 SET SQL_MODE=@OLD_SQL_MODE */;
/*!40014 SET FOREIGN_KEY_CHECKS=@OLD_FOREIGN_KEY_CHECKS */;
/*!40014 SET UNIQUE_CHECKS=@OLD_UNIQUE_CHECKS */;
/*!40101 SET CHARACTER_SET_CLIENT=@OLD_CHARACTER_SET_CLIENT */;
/*!40101 SET CHARACTER_SET_RESULTS=@OLD_CHARACTER_SET_RESULTS */;
/*!40101 SET COLLATION_CONNECTION=@OLD_COLLATION_CONNECTION */;
/*!40111 SET SQL_NOTES=@OLD_SQL_NOTES */;

-- Dump completed on 2023-11-16 23:48:45
